ID Sale,ID Product,Seller Code,ID Client,Quantity Sold,Sale Date,Company Name,Country,Dimension,Employees Number,Field,Name,Surname,Birth,Birth Country,Gender,Experience,Salary USD,Product Name,Category,Gross Price,% Margin,Selling Price
FT396,PR77,LEWAID90H08LI75,CL39,480.0,12/09/2022,CloudElite Innovations,LU,Small,32.0,Construction,Aiden,Lewis,08/08/1990,LI,Male,Lead/Manager,69817.0,StatFlow Precision,Communication Protection,326.0,30.0,423.0
FT598,PR77,HILELE90J24FIN75,CL10,409.0,01/01/2020,TechGuard Innovations,SE,Small,10.0,Construction,Elena,Hill,24/10/1990,FIN,Female,Senior,60564.0,StatFlow Precision,Communication Protection,326.0,30.0,423.0
FT765,PR77,HILELE90J24FIN75,CL72,29.0,01/05/2022,InnoTech Enterprises,ROU,Large,1604.0,Hardware,Elena,Hill,24/10/1990,FIN,Female,Senior,60564.0,StatFlow Precision,Communication Protection,326.0,30.0,423.0
FT535,PR77,LEESTE80F21NLD96,CL12,401.0,13/02/2021,TechLink Dynamics,SVN,Large,4089.0,Renewable Energy,Stella,Lee,21/06/1980,NLD,Female,Lead/Manager,62560.0,StatFlow Precision,Communication Protection,326.0,30.0,423.0
FT780,PR77,LEESTE80F21NLD96,CL75,46.0,14/01/2022,InfoForge Solutions,NOR,Small,41.0,Insurance,Stella,Lee,21/06/1980,NLD,Female,Lead/Manager,62560.0,StatFlow Precision,Communication Protection,326.0,30.0,423.0
FT685,PR77,THOZOE75J02SVN29,CL10,407.0,23/08/2020,TechGuard Innovations,SE,Small,10.0,Construction,Zoey,Thompson,02/10/1975,SVN,Female,Intermediate,46193.0,StatFlow Precision,Communication Protection,326.0,30.0,423.0
FT487,PR77,THOCHA67B24FI71,CL63,192.0,21/09/2023,DataLink Tech,ISL,Small,21.0,Design,Charlotte,Thomas,24/02/1967,FI,Female,Junior,46804.0,StatFlow Precision,Communication Protection,326.0,30.0,423.0
FT607,PR77,HERRIL86D26GE16,CL39,381.0,16/12/2023,CloudElite Innovations,LU,Small,32.0,Construction,Riley,Hernandez,26/04/1986,GE,Female,Intermediate,50166.0,StatFlow Precision,Communication Protection,326.0,30.0,423.0
FT855,PR77,GAREVE51C30UKR52,CL63,426.0,30/06/2022,DataLink Tech,ISL,Small,21.0,Design,Evelyn,Garcia,30/03/1951,UKR,Female,Junior,40181.0,StatFlow Precision,Communication Protection,326.0,30.0,423.0
FT796,PR77,JONSTE61F23IS80,CL63,422.0,16/03/2022,DataLink Tech,ISL,Small,21.0,Design,Stella,Jones,23/06/1961,IS,Female,Lead/Manager,63958.0,StatFlow Precision,Communication Protection,326.0,30.0,423.0
FT823,PR77,HALJAC80D16NL12,CL12,80.0,21/10/2022,TechLink Dynamics,SVN,Large,4089.0,Renewable Energy,Jackson,Hall,16/04/1980,NL,Male,Intermediate,46719.0,StatFlow Precision,Communication Protection,326.0,30.0,423.0
FT892,PR77,WALROB66I11LIE39,CL63,448.0,03/01/2021,DataLink Tech,ISL,Small,21.0,Design,Roberts,Walker,11/09/1966,LIE,Male,Senior,59293.0,StatFlow Precision,Communication Protection,326.0,30.0,423.0
FT514,PR77,HALHAN93F14MLT30,CL63,272.0,15/07/2020,DataLink Tech,ISL,Small,21.0,Design,Hannah,Hall,14/06/1993,MLT,Female,Intermediate,50274.0,StatFlow Precision,Communication Protection,326.0,30.0,423.0
FT561,PR28,LEWAID90H08LI75,CL39,238.0,28/04/2023,CloudElite Innovations,LU,Small,32.0,Construction,Aiden,Lewis,08/08/1990,LI,Male,Lead/Manager,69817.0,InfoSync Dynamics,Information Sync and Management,98.0,5.0,102.0
FT628,PR28,GARGIA85B19LI80,CL63,33.0,28/10/2021,DataLink Tech,ISL,Small,21.0,Design,Gianna,Garcia,19/02/1985,LI,Female,Senior,52361.0,InfoSync Dynamics,Information Sync and Management,98.0,5.0,102.0
FT611,PR28,GARGIA85B19LI80,CL75,265.0,12/07/2021,InfoForge Solutions,NOR,Small,41.0,Insurance,Gianna,Garcia,19/02/1985,LI,Female,Senior,52361.0,InfoSync Dynamics,Information Sync and Management,98.0,5.0,102.0
FT441,PR28,THOZOE75J02SVN29,CL10,73.0,23/01/2021,TechGuard Innovations,SE,Small,10.0,Construction,Zoey,Thompson,02/10/1975,SVN,Female,Intermediate,46193.0,InfoSync Dynamics,Information Sync and Management,98.0,5.0,102.0
FT515,PR28,CLAWIL82B03SVK15,CL39,361.0,30/10/2023,CloudElite Innovations,LU,Small,32.0,Construction,William,Clark,03/02/1982,SVK,Male,Intermediate,51433.0,InfoSync Dynamics,Information Sync and Management,98.0,5.0,102.0
FT798,PR28,THOCHA67B24FI71,CL72,353.0,22/12/2023,InnoTech Enterprises,ROU,Large,1604.0,Hardware,Charlotte,Thomas,24/02/1967,FI,Female,Junior,46804.0,InfoSync Dynamics,Information Sync and Management,98.0,5.0,102.0
FT640,PR28,STEMIA50I16SMR57,CL72,428.0,12/04/2020,InnoTech Enterprises,ROU,Large,1604.0,Hardware,Mia,Stewart,16/09/1950,SMR,Female,Junior,40218.0,InfoSync Dynamics,Information Sync and Management,98.0,5.0,102.0
FT594,PR28,LEEELL86I24LT27,CL10,490.0,28/03/2022,TechGuard Innovations,SE,Small,10.0,Construction,Ella,Lee,24/09/1986,LT,Female,Intermediate,48858.0,InfoSync Dynamics,Information Sync and Management,98.0,5.0,102.0
FT458,PR28,ROBISA93C05NO27,CL12,39.0,04/03/2020,TechLink Dynamics,SVN,Large,4089.0,Renewable Energy,Isabella,Roberts,05/03/1993,NO,Female,Intermediate,55681.0,InfoSync Dynamics,Information Sync and Management,98.0,5.0,102.0
FT671,PR28,HERVIO77I26HU31,CL39,98.0,26/05/2021,CloudElite Innovations,LU,Small,32.0,Construction,Violet,Hernandez,26/09/1977,HU,Female,Intermediate,51852.0,InfoSync Dynamics,Information Sync and Management,98.0,5.0,102.0
FT423,PR28,THOSCA57G23CZE71,CL72,129.0,22/09/2022,InnoTech Enterprises,ROU,Large,1604.0,Hardware,Scarlett,Thompson,23/07/1957,CZE,Female,Junior,49133.0,InfoSync Dynamics,Information Sync and Management,98.0,5.0,102.0
FT775,PR28,SCOEVA65J08SM99,CL12,453.0,24/05/2021,TechLink Dynamics,SVN,Large,4089.0,Renewable Energy,Evans,Scott,08/10/1965,SM,Male,Intermediate,48419.0,InfoSync Dynamics,Information Sync and Management,98.0,5.0,102.0
FT676,PR28,HERDAN64C21CZE74,CL10,289.0,21/04/2020,TechGuard Innovations,SE,Small,10.0,Construction,Daniel,Hernandez,21/03/1964,CZE,Male,Senior,57773.0,InfoSync Dynamics,Information Sync and Management,98.0,5.0,102.0
FT420,PR28,HALHAN93F14MLT30,CL12,284.0,29/06/2021,TechLink Dynamics,SVN,Large,4089.0,Renewable Energy,Hannah,Hall,14/06/1993,MLT,Female,Intermediate,50274.0,InfoSync Dynamics,Information Sync and Management,98.0,5.0,102.0
FT844,PR94,LEWAID90H08LI75,CL10,397.0,01/07/2023,TechGuard Innovations,SE,Small,10.0,Construction,Aiden,Lewis,08/08/1990,LI,Male,Lead/Manager,69817.0,QuantumSync Pro,Analytics and Statistics,122.0,15.0,140.0
FT746,PR94,HILMOO54I14GB94,CL63,105.0,12/09/2022,DataLink Tech,ISL,Small,21.0,Design,Moore,Hill,14/09/1954,GB,Male,Lead/Manager,74475.0,QuantumSync Pro,Analytics and Statistics,122.0,15.0,140.0
FT813,PR94,HILMOO54I14GB94,CL63,146.0,28/02/2023,DataLink Tech,ISL,Small,21.0,Design,Moore,Hill,14/09/1954,GB,Male,Lead/Manager,74475.0,QuantumSync Pro,Analytics and Statistics,122.0,15.0,140.0
FT699,PR94,TAYETH69D27NO15,CL75,319.0,19/03/2020,InfoForge Solutions,NOR,Small,41.0,Insurance,Ethan,Taylor,27/04/1969,NO,Male,Intermediate,47404.0,QuantumSync Pro,Analytics and Statistics,122.0,15.0,140.0
FT715,PR94,CLAWIL82B03SVK15,CL46,199.0,07/09/2023,CipherLink Corp.,SRB,Multinational,16650.0,Marketing,William,Clark,03/02/1982,SVK,Male,Intermediate,51433.0,QuantumSync Pro,Analytics and Statistics,122.0,15.0,140.0
FT525,PR94,LOPMOO81L31ES74,CL39,89.0,12/05/2023,CloudElite Innovations,LU,Small,32.0,Construction,Moore,Lopez,31/12/1981,ES,Male,Lead/Manager,72018.0,QuantumSync Pro,Analytics and Statistics,122.0,15.0,140.0
FT737,PR94,LEEMAD64G19PL97,CL39,297.0,02/09/2023,CloudElite Innovations,LU,Small,32.0,Construction,Madison,Lee,19/07/1964,PL,Female,Junior,46360.0,QuantumSync Pro,Analytics and Statistics,122.0,15.0,140.0
FT543,PR94,HERRIL86D26GE16,CL46,170.0,05/07/2023,CipherLink Corp.,SRB,Multinational,16650.0,Marketing,Riley,Hernandez,26/04/1986,GE,Female,Intermediate,50166.0,QuantumSync Pro,Analytics and Statistics,122.0,15.0,140.0
FT539,PR94,HERRIL86D26GE16,CL72,353.0,30/05/2020,InnoTech Enterprises,ROU,Large,1604.0,Hardware,Riley,Hernandez,26/04/1986,GE,Female,Intermediate,50166.0,QuantumSync Pro,Analytics and Statistics,122.0,15.0,140.0
FT763,PR94,HARVIC51D02CZE31,CL72,172.0,11/11/2023,InnoTech Enterprises,ROU,Large,1604.0,Hardware,Victoria,Harris,02/04/1951,CZE,Female,Intermediate,56907.0,QuantumSync Pro,Analytics and Statistics,122.0,15.0,140.0
FT588,PR94,WHILYL94F06FIN25,CL12,262.0,28/02/2021,TechLink Dynamics,SVN,Large,4089.0,Renewable Energy,Lyla,White,06/06/1994,FIN,Female,Junior,49428.0,QuantumSync Pro,Analytics and Statistics,122.0,15.0,140.0
FT893,PR94,SCOEVA65J08SM99,CL72,18.0,28/05/2023,InnoTech Enterprises,ROU,Large,1604.0,Hardware,Evans,Scott,08/10/1965,SM,Male,Intermediate,48419.0,QuantumSync Pro,Analytics and Statistics,122.0,15.0,140.0
FT710,PR94,WALCHL91D10POL91,CL63,287.0,13/10/2021,DataLink Tech,ISL,Small,21.0,Design,Chloe,Walker,10/04/1991,POL,Female,Lead/Manager,65161.0,QuantumSync Pro,Analytics and Statistics,122.0,15.0,140.0
FT519,PR94,HERDAN97B06ITA98,CL72,307.0,29/07/2023,InnoTech Enterprises,ROU,Large,1604.0,Hardware,Daniel,Hernandez,06/02/1997,ITA,Male,Senior,55697.0,QuantumSync Pro,Analytics and Statistics,122.0,15.0,140.0
FT732,PR94,THOISA63D12MC27,CL46,375.0,27/05/2021,CipherLink Corp.,SRB,Multinational,16650.0,Marketing,Isabella,Thompson,12/04/1963,MC,Female,Junior,48330.0,QuantumSync Pro,Analytics and Statistics,122.0,15.0,140.0
FT784,PR94,HALJAC80D16NL12,CL10,341.0,19/11/2023,TechGuard Innovations,SE,Small,10.0,Construction,Jackson,Hall,16/04/1980,NL,Male,Intermediate,46719.0,QuantumSync Pro,Analytics and Statistics,122.0,15.0,140.0
FT797,PR94,HALHAN93F14MLT30,CL12,184.0,29/11/2021,TechLink Dynamics,SVN,Large,4089.0,Renewable Energy,Hannah,Hall,14/06/1993,MLT,Female,Intermediate,50274.0,QuantumSync Pro,Analytics and Statistics,122.0,15.0,140.0
FT551,PR94,CLALOG86C24BEL97,CL75,240.0,26/12/2021,InfoForge Solutions,NOR,Small,41.0,Insurance,Logan,Clark,24/03/1986,BEL,Male,Senior,63828.0,QuantumSync Pro,Analytics and Statistics,122.0,15.0,140.0
FT401,PR15,ALLVIO56J30AD66,CL39,432.0,06/01/2023,CloudElite Innovations,LU,Small,32.0,Construction,Violet,Allen,30/10/1956,AD,Female,Senior,52010.0,CipherHarbor Guardian,Data Security,53.0,10.0,58.0
FT424,PR15,HILMOO54I14GB94,CL46,366.0,01/05/2021,CipherLink Corp.,SRB,Multinational,16650.0,Marketing,Moore,Hill,14/09/1954,GB,Male,Lead/Manager,74475.0,CipherHarbor Guardian,Data Security,53.0,10.0,58.0
FT592,PR15,HILMOO54I14GB94,CL75,194.0,26/05/2021,InfoForge Solutions,NOR,Small,41.0,Insurance,Moore,Hill,14/09/1954,GB,Male,Lead/Manager,74475.0,CipherHarbor Guardian,Data Security,53.0,10.0,58.0
FT708,PR15,WILROB81I05AL81,CL72,194.0,29/03/2022,InnoTech Enterprises,ROU,Large,1604.0,Hardware,Roberts,Williams,05/09/1981,AL,Male,Lead/Manager,64393.0,CipherHarbor Guardian,Data Security,53.0,10.0,58.0
FT471,PR15,TAYETH69D27NO15,CL12,216.0,15/11/2021,TechLink Dynamics,SVN,Large,4089.0,Renewable Energy,Ethan,Taylor,27/04/1969,NO,Male,Intermediate,47404.0,CipherHarbor Guardian,Data Security,53.0,10.0,58.0
FT517,PR15,WHIJAC58E29AUT24,CL39,444.0,06/03/2023,CloudElite Innovations,LU,Small,32.0,Construction,Jackson,White,29/05/1958,AUT,Male,Intermediate,50161.0,CipherHarbor Guardian,Data Security,53.0,10.0,58.0
FT642,PR15,STEMIA50I16SMR57,CL46,208.0,24/06/2022,CipherLink Corp.,SRB,Multinational,16650.0,Marketing,Mia,Stewart,16/09/1950,SMR,Female,Junior,40218.0,CipherHarbor Guardian,Data Security,53.0,10.0,58.0
FT690,PR15,HERRIL86D26GE16,CL10,68.0,06/10/2023,TechGuard Innovations,SE,Small,10.0,Construction,Riley,Hernandez,26/04/1986,GE,Female,Intermediate,50166.0,CipherHarbor Guardian,Data Security,53.0,10.0,58.0
FT620,PR15,GAREVE51C30UKR52,CL39,348.0,19/12/2021,CloudElite Innovations,LU,Small,32.0,Construction,Evelyn,Garcia,30/03/1951,UKR,Female,Junior,40181.0,CipherHarbor Guardian,Data Security,53.0,10.0,58.0
FT675,PR15,GAREVE51C30UKR52,CL10,360.0,05/02/2023,TechGuard Innovations,SE,Small,10.0,Construction,Evelyn,Garcia,30/03/1951,UKR,Female,Junior,40181.0,CipherHarbor Guardian,Data Security,53.0,10.0,58.0
FT641,PR15,HERVIO77I26HU31,CL39,383.0,23/07/2022,CloudElite Innovations,LU,Small,32.0,Construction,Violet,Hernandez,26/09/1977,HU,Female,Intermediate,51852.0,CipherHarbor Guardian,Data Security,53.0,10.0,58.0
FT666,PR15,LEWZOE97C30SWE10,CL63,103.0,01/05/2020,DataLink Tech,ISL,Small,21.0,Design,Zoe,Lewis,30/03/1997,SWE,Female,Lead/Manager,70761.0,CipherHarbor Guardian,Data Security,53.0,10.0,58.0
FT677,PR15,THOSCA57G23CZE71,CL39,314.0,31/03/2020,CloudElite Innovations,LU,Small,32.0,Construction,Scarlett,Thompson,23/07/1957,CZE,Female,Junior,49133.0,CipherHarbor Guardian,Data Security,53.0,10.0,58.0
FT509,PR15,THOSCA57G23CZE71,CL63,381.0,23/12/2021,DataLink Tech,ISL,Small,21.0,Design,Scarlett,Thompson,23/07/1957,CZE,Female,Junior,49133.0,CipherHarbor Guardian,Data Security,53.0,10.0,58.0
FT450,PR15,WHILYL94F06FIN25,CL10,72.0,16/01/2020,TechGuard Innovations,SE,Small,10.0,Construction,Lyla,White,06/06/1994,FIN,Female,Junior,49428.0,CipherHarbor Guardian,Data Security,53.0,10.0,58.0
FT856,PR15,HERDAN97B06ITA98,CL72,324.0,27/07/2021,InnoTech Enterprises,ROU,Large,1604.0,Hardware,Daniel,Hernandez,06/02/1997,ITA,Male,Senior,55697.0,CipherHarbor Guardian,Data Security,53.0,10.0,58.0
FT847,PR15,JONSTE61F23IS80,CL39,323.0,29/12/2020,CloudElite Innovations,LU,Small,32.0,Construction,Stella,Jones,23/06/1961,IS,Female,Lead/Manager,63958.0,CipherHarbor Guardian,Data Security,53.0,10.0,58.0
FT547,PR15,ROBCHI57D08NO42,CL10,411.0,16/01/2021,TechGuard Innovations,SE,Small,10.0,Construction,Chiara,Roberts,08/04/1957,NO,Female,Intermediate,47903.0,CipherHarbor Guardian,Data Security,53.0,10.0,58.0
FT533,PR15,HALSEB73B20FR62,CL10,283.0,10/10/2021,TechGuard Innovations,SE,Small,10.0,Construction,Sebastian,Hall,20/02/1973,FR,Male,Intermediate,48273.0,CipherHarbor Guardian,Data Security,53.0,10.0,58.0
FT837,PR15,HERDAN64C21CZE74,CL63,494.0,07/02/2022,DataLink Tech,ISL,Small,21.0,Design,Daniel,Hernandez,21/03/1964,CZE,Male,Senior,57773.0,CipherHarbor Guardian,Data Security,53.0,10.0,58.0
FT581,PR15,CLALOG86C24BEL97,CL63,430.0,27/03/2022,DataLink Tech,ISL,Small,21.0,Design,Logan,Clark,24/03/1986,BEL,Male,Senior,63828.0,CipherHarbor Guardian,Data Security,53.0,10.0,58.0
FT803,PR15,ROBTAY93A05DEU37,CL72,391.0,22/06/2020,InnoTech Enterprises,ROU,Large,1604.0,Hardware,Taylor,Roberts,05/01/1993,DEU,Male,Lead/Manager,69237.0,CipherHarbor Guardian,Data Security,53.0,10.0,58.0
FT615,PR86,ALLVIO56J30AD66,CL39,136.0,21/07/2022,CloudElite Innovations,LU,Small,32.0,Construction,Violet,Allen,30/10/1956,AD,Female,Senior,52010.0,DataForge Analytics,Cloud Computing and Data Security,498.0,5.0,522.0
FT418,PR86,HILMOO54I14GB94,CL10,247.0,22/04/2020,TechGuard Innovations,SE,Small,10.0,Construction,Moore,Hill,14/09/1954,GB,Male,Lead/Manager,74475.0,DataForge Analytics,Cloud Computing and Data Security,498.0,5.0,522.0
FT608,PR86,HILELE90J24FIN75,CL72,457.0,16/02/2021,InnoTech Enterprises,ROU,Large,1604.0,Hardware,Elena,Hill,24/10/1990,FIN,Female,Senior,60564.0,DataForge Analytics,Cloud Computing and Data Security,498.0,5.0,522.0
FT695,PR86,TAYETH69D27NO15,CL10,349.0,22/08/2020,TechGuard Innovations,SE,Small,10.0,Construction,Ethan,Taylor,27/04/1969,NO,Male,Intermediate,47404.0,DataForge Analytics,Cloud Computing and Data Security,498.0,5.0,522.0
FT460,PR86,THOZOE75J02SVN29,CL75,377.0,11/01/2021,InfoForge Solutions,NOR,Small,41.0,Insurance,Zoey,Thompson,02/10/1975,SVN,Female,Intermediate,46193.0,DataForge Analytics,Cloud Computing and Data Security,498.0,5.0,522.0
FT499,PR86,CLAWIL82B03SVK15,CL72,333.0,10/03/2021,InnoTech Enterprises,ROU,Large,1604.0,Hardware,William,Clark,03/02/1982,SVK,Male,Intermediate,51433.0,DataForge Analytics,Cloud Computing and Data Security,498.0,5.0,522.0
FT697,PR86,MITWIL57H21HUN16,CL39,324.0,06/05/2021,CloudElite Innovations,LU,Small,32.0,Construction,Williams,Mitchell,21/08/1957,HUN,Male,Lead/Manager,66036.0,DataForge Analytics,Cloud Computing and Data Security,498.0,5.0,522.0
FT859,PR86,HERDAN97B06ITA98,CL63,168.0,29/06/2022,DataLink Tech,ISL,Small,21.0,Design,Daniel,Hernandez,06/02/1997,ITA,Male,Senior,55697.0,DataForge Analytics,Cloud Computing and Data Security,498.0,5.0,522.0
FT890,PR86,JONSTE61F23IS80,CL10,23.0,30/07/2021,TechGuard Innovations,SE,Small,10.0,Construction,Stella,Jones,23/06/1961,IS,Female,Lead/Manager,63958.0,DataForge Analytics,Cloud Computing and Data Security,498.0,5.0,522.0
FT860,PR86,NELHIL59I02MT75,CL75,31.0,04/06/2023,InfoForge Solutions,NOR,Small,41.0,Insurance,Hill,Nelson,02/09/1959,MT,Male,Senior,56860.0,DataForge Analytics,Cloud Computing and Data Security,498.0,5.0,522.0
FT527,PR86,NELHIL59I02MT75,CL72,419.0,04/08/2021,InnoTech Enterprises,ROU,Large,1604.0,Hardware,Hill,Nelson,02/09/1959,MT,Male,Senior,56860.0,DataForge Analytics,Cloud Computing and Data Security,498.0,5.0,522.0
FT457,PR86,HERDAN64C21CZE74,CL72,300.0,27/03/2021,InnoTech Enterprises,ROU,Large,1604.0,Hardware,Daniel,Hernandez,21/03/1964,CZE,Male,Senior,57773.0,DataForge Analytics,Cloud Computing and Data Security,498.0,5.0,522.0
FT475,PR86,WALROB66I11LIE39,CL63,436.0,27/01/2022,DataLink Tech,ISL,Small,21.0,Design,Roberts,Walker,11/09/1966,LIE,Male,Senior,59293.0,DataForge Analytics,Cloud Computing and Data Security,498.0,5.0,522.0
FT878,PR31,ALLVIO56J30AD66,CL39,226.0,12/02/2023,CloudElite Innovations,LU,Small,32.0,Construction,Violet,Allen,30/10/1956,AD,Female,Senior,52010.0,Quantum Insight,Information Sync and Management,374.0,15.0,430.0
FT759,PR31,HILMOO54I14GB94,CL72,168.0,15/04/2021,InnoTech Enterprises,ROU,Large,1604.0,Hardware,Moore,Hill,14/09/1954,GB,Male,Lead/Manager,74475.0,Quantum Insight,Information Sync and Management,374.0,15.0,430.0
FT436,PR31,THOSCA79J29LV17,CL10,402.0,09/01/2023,TechGuard Innovations,SE,Small,10.0,Construction,Scarlett,Thomas,29/10/1979,LV,Female,Intermediate,54763.0,Quantum Insight,Information Sync and Management,374.0,15.0,430.0
FT625,PR31,HILELE90J24FIN75,CL63,139.0,27/08/2021,DataLink Tech,ISL,Small,21.0,Design,Elena,Hill,24/10/1990,FIN,Female,Senior,60564.0,Quantum Insight,Information Sync and Management,374.0,15.0,430.0
FT495,PR31,THOZOE75J02SVN29,CL72,216.0,26/06/2022,InnoTech Enterprises,ROU,Large,1604.0,Hardware,Zoey,Thompson,02/10/1975,SVN,Female,Intermediate,46193.0,Quantum Insight,Information Sync and Management,374.0,15.0,430.0
FT478,PR31,LEEMAD64G19PL97,CL12,235.0,08/10/2021,TechLink Dynamics,SVN,Large,4089.0,Renewable Energy,Madison,Lee,19/07/1964,PL,Female,Junior,46360.0,Quantum Insight,Information Sync and Management,374.0,15.0,430.0
FT489,PR31,WHIJOH51G04RU21,CL63,200.0,06/01/2023,DataLink Tech,ISL,Small,21.0,Design,Johnson,White,04/07/1951,RU,Male,Junior,46514.0,Quantum Insight,Information Sync and Management,374.0,15.0,430.0
FT791,PR31,WHIJOH51G04RU21,CL72,488.0,18/01/2020,InnoTech Enterprises,ROU,Large,1604.0,Hardware,Johnson,White,04/07/1951,RU,Male,Junior,46514.0,Quantum Insight,Information Sync and Management,374.0,15.0,430.0
FT477,PR31,LEEELL86I24LT27,CL75,361.0,10/08/2023,InfoForge Solutions,NOR,Small,41.0,Insurance,Ella,Lee,24/09/1986,LT,Female,Intermediate,48858.0,Quantum Insight,Information Sync and Management,374.0,15.0,430.0
FT766,PR31,THOSCA57G23CZE71,CL10,285.0,13/11/2021,TechGuard Innovations,SE,Small,10.0,Construction,Scarlett,Thompson,23/07/1957,CZE,Female,Junior,49133.0,Quantum Insight,Information Sync and Management,374.0,15.0,430.0
FT707,PR31,HARVIC51D02CZE31,CL39,187.0,04/05/2021,CloudElite Innovations,LU,Small,32.0,Construction,Victoria,Harris,02/04/1951,CZE,Female,Intermediate,56907.0,Quantum Insight,Information Sync and Management,374.0,15.0,430.0
FT411,PR31,SCOEVA65J08SM99,CL10,231.0,27/07/2022,TechGuard Innovations,SE,Small,10.0,Construction,Evans,Scott,08/10/1965,SM,Male,Intermediate,48419.0,Quantum Insight,Information Sync and Management,374.0,15.0,430.0
FT843,PR31,WALCHL91D10POL91,CL63,344.0,14/07/2023,DataLink Tech,ISL,Small,21.0,Design,Chloe,Walker,10/04/1991,POL,Female,Lead/Manager,65161.0,Quantum Insight,Information Sync and Management,374.0,15.0,430.0
FT845,PR31,HERDAN97B06ITA98,CL39,203.0,18/02/2021,CloudElite Innovations,LU,Small,32.0,Construction,Daniel,Hernandez,06/02/1997,ITA,Male,Senior,55697.0,Quantum Insight,Information Sync and Management,374.0,15.0,430.0
FT528,PR31,JONSTE61F23IS80,CL12,250.0,28/02/2020,TechLink Dynamics,SVN,Large,4089.0,Renewable Energy,Stella,Jones,23/06/1961,IS,Female,Lead/Manager,63958.0,Quantum Insight,Information Sync and Management,374.0,15.0,430.0
FT673,PR31,ROBCHI57D08NO42,CL75,108.0,25/03/2020,InfoForge Solutions,NOR,Small,41.0,Insurance,Chiara,Roberts,08/04/1957,NO,Female,Intermediate,47903.0,Quantum Insight,Information Sync and Management,374.0,15.0,430.0
FT745,PR31,WHILYL63I02MK80,CL46,52.0,20/01/2023,CipherLink Corp.,SRB,Multinational,16650.0,Marketing,Lyla,White,02/09/1963,MK,Female,Junior,44942.0,Quantum Insight,Information Sync and Management,374.0,15.0,430.0
FT726,PR25,ALLVIO56J30AD66,CL63,236.0,25/05/2020,DataLink Tech,ISL,Small,21.0,Design,Violet,Allen,30/10/1956,AD,Female,Senior,52010.0,CloudGuardian Pro,Analytics and Statistics,460.0,40.0,644.0
FT416,PR25,THOSCA79J29LV17,CL39,317.0,09/03/2023,CloudElite Innovations,LU,Small,32.0,Construction,Scarlett,Thomas,29/10/1979,LV,Female,Intermediate,54763.0,CloudGuardian Pro,Analytics and Statistics,460.0,40.0,644.0
FT439,PR25,HILELE90J24FIN75,CL39,379.0,14/02/2020,CloudElite Innovations,LU,Small,32.0,Construction,Elena,Hill,24/10/1990,FIN,Female,Senior,60564.0,CloudGuardian Pro,Analytics and Statistics,460.0,40.0,644.0
FT867,PR25,LEESTE80F21NLD96,CL63,258.0,05/10/2023,DataLink Tech,ISL,Small,21.0,Design,Stella,Lee,21/06/1980,NLD,Female,Lead/Manager,62560.0,CloudGuardian Pro,Analytics and Statistics,460.0,40.0,644.0
FT719,PR25,MITLYL84H21DE10,CL46,331.0,22/07/2022,CipherLink Corp.,SRB,Multinational,16650.0,Marketing,Lyla,Mitchell,21/08/1984,DE,Female,Intermediate,50050.0,CloudGuardian Pro,Analytics and Statistics,460.0,40.0,644.0
FT484,PR25,TAYETH69D27NO15,CL39,156.0,09/01/2021,CloudElite Innovations,LU,Small,32.0,Construction,Ethan,Taylor,27/04/1969,NO,Male,Intermediate,47404.0,CloudGuardian Pro,Analytics and Statistics,460.0,40.0,644.0
FT838,PR25,WHIJAC58E29AUT24,CL46,347.0,04/08/2020,CipherLink Corp.,SRB,Multinational,16650.0,Marketing,Jackson,White,29/05/1958,AUT,Male,Intermediate,50161.0,CloudGuardian Pro,Analytics and Statistics,460.0,40.0,644.0
FT720,PR25,THOCHA67B24FI71,CL72,418.0,29/07/2022,InnoTech Enterprises,ROU,Large,1604.0,Hardware,Charlotte,Thomas,24/02/1967,FI,Female,Junior,46804.0,CloudGuardian Pro,Analytics and Statistics,460.0,40.0,644.0
FT522,PR25,THOSCA57G23CZE71,CL12,283.0,08/06/2023,TechLink Dynamics,SVN,Large,4089.0,Renewable Energy,Scarlett,Thompson,23/07/1957,CZE,Female,Junior,49133.0,CloudGuardian Pro,Analytics and Statistics,460.0,40.0,644.0
FT530,PR25,HALSEB73B20FR62,CL10,301.0,21/03/2020,TechGuard Innovations,SE,Small,10.0,Construction,Sebastian,Hall,20/02/1973,FR,Male,Intermediate,48273.0,CloudGuardian Pro,Analytics and Statistics,460.0,40.0,644.0
FT637,PR25,HALSEB73B20FR62,CL10,254.0,21/02/2020,TechGuard Innovations,SE,Small,10.0,Construction,Sebastian,Hall,20/02/1973,FR,Male,Intermediate,48273.0,CloudGuardian Pro,Analytics and Statistics,460.0,40.0,644.0
FT500,PR25,HALSEB73B20FR62,CL46,377.0,23/01/2023,CipherLink Corp.,SRB,Multinational,16650.0,Marketing,Sebastian,Hall,20/02/1973,FR,Male,Intermediate,48273.0,CloudGuardian Pro,Analytics and Statistics,460.0,40.0,644.0
FT580,PR22,ALLVIO56J30AD66,CL12,380.0,28/04/2023,TechLink Dynamics,SVN,Large,4089.0,Renewable Energy,Violet,Allen,30/10/1956,AD,Female,Senior,52010.0,InfoVault Nexus,Analytics and Statistics,115.0,30.0,149.0
FT712,PR22,HILELE90J24FIN75,CL75,152.0,10/02/2020,InfoForge Solutions,NOR,Small,41.0,Insurance,Elena,Hill,24/10/1990,FIN,Female,Senior,60564.0,InfoVault Nexus,Analytics and Statistics,115.0,30.0,149.0
FT440,PR22,MITLYL84H21DE10,CL46,314.0,29/11/2022,CipherLink Corp.,SRB,Multinational,16650.0,Marketing,Lyla,Mitchell,21/08/1984,DE,Female,Intermediate,50050.0,InfoVault Nexus,Analytics and Statistics,115.0,30.0,149.0
FT459,PR22,THOZOE75J02SVN29,CL72,444.0,21/05/2023,InnoTech Enterprises,ROU,Large,1604.0,Hardware,Zoey,Thompson,02/10/1975,SVN,Female,Intermediate,46193.0,InfoVault Nexus,Analytics and Statistics,115.0,30.0,149.0
FT406,PR22,THOCHA67B24FI71,CL63,403.0,01/01/2022,DataLink Tech,ISL,Small,21.0,Design,Charlotte,Thomas,24/02/1967,FI,Female,Junior,46804.0,InfoVault Nexus,Analytics and Statistics,115.0,30.0,149.0
FT670,PR22,HERRIL86D26GE16,CL39,452.0,21/08/2022,CloudElite Innovations,LU,Small,32.0,Construction,Riley,Hernandez,26/04/1986,GE,Female,Intermediate,50166.0,InfoVault Nexus,Analytics and Statistics,115.0,30.0,149.0
FT474,PR22,GAREVE51C30UKR52,CL63,325.0,28/08/2021,DataLink Tech,ISL,Small,21.0,Design,Evelyn,Garcia,30/03/1951,UKR,Female,Junior,40181.0,InfoVault Nexus,Analytics and Statistics,115.0,30.0,149.0
FT624,PR22,LEEELL86I24LT27,CL75,341.0,28/11/2020,InfoForge Solutions,NOR,Small,41.0,Insurance,Ella,Lee,24/09/1986,LT,Female,Intermediate,48858.0,InfoVault Nexus,Analytics and Statistics,115.0,30.0,149.0
FT760,PR22,HARVIC51D02CZE31,CL63,426.0,05/01/2021,DataLink Tech,ISL,Small,21.0,Design,Victoria,Harris,02/04/1951,CZE,Female,Intermediate,56907.0,InfoVault Nexus,Analytics and Statistics,115.0,30.0,149.0
FT822,PR22,MITWIL57H21HUN16,CL12,384.0,03/04/2021,TechLink Dynamics,SVN,Large,4089.0,Renewable Energy,Williams,Mitchell,21/08/1957,HUN,Male,Lead/Manager,66036.0,InfoVault Nexus,Analytics and Statistics,115.0,30.0,149.0
FT721,PR22,MITWIL57H21HUN16,CL72,67.0,17/06/2023,InnoTech Enterprises,ROU,Large,1604.0,Hardware,Williams,Mitchell,21/08/1957,HUN,Male,Lead/Manager,66036.0,InfoVault Nexus,Analytics and Statistics,115.0,30.0,149.0
FT446,PR22,MARISA89B25LV59,CL10,84.0,19/06/2023,TechGuard Innovations,SE,Small,10.0,Construction,Isabella,Martinez,25/02/1989,LV,Female,Intermediate,50434.0,InfoVault Nexus,Analytics and Statistics,115.0,30.0,149.0
FT770,PR22,HERDAN97B06ITA98,CL63,169.0,26/01/2023,DataLink Tech,ISL,Small,21.0,Design,Daniel,Hernandez,06/02/1997,ITA,Male,Senior,55697.0,InfoVault Nexus,Analytics and Statistics,115.0,30.0,149.0
FT630,PR38,ALLVIO56J30AD66,CL12,73.0,11/12/2020,TechLink Dynamics,SVN,Large,4089.0,Renewable Energy,Violet,Allen,30/10/1956,AD,Female,Senior,52010.0,Statistica Proxima,Cloud Computing and Data Security,357.0,5.0,374.0
FT884,PR38,HILELE90J24FIN75,CL10,330.0,10/10/2020,TechGuard Innovations,SE,Small,10.0,Construction,Elena,Hill,24/10/1990,FIN,Female,Senior,60564.0,Statistica Proxima,Cloud Computing and Data Security,357.0,5.0,374.0
FT432,PR38,LEESTE80F21NLD96,CL39,314.0,23/03/2022,CloudElite Innovations,LU,Small,32.0,Construction,Stella,Lee,21/06/1980,NLD,Female,Lead/Manager,62560.0,Statistica Proxima,Cloud Computing and Data Security,357.0,5.0,374.0
FT858,PR38,WHIJOH51G04RU21,CL10,462.0,24/08/2022,TechGuard Innovations,SE,Small,10.0,Construction,Johnson,White,04/07/1951,RU,Male,Junior,46514.0,Statistica Proxima,Cloud Computing and Data Security,357.0,5.0,374.0
FT717,PR38,WHIJOH51G04RU21,CL75,209.0,13/05/2020,InfoForge Solutions,NOR,Small,41.0,Insurance,Johnson,White,04/07/1951,RU,Male,Junior,46514.0,Statistica Proxima,Cloud Computing and Data Security,357.0,5.0,374.0
FT595,PR38,THOCHA67B24FI71,CL39,213.0,04/06/2023,CloudElite Innovations,LU,Small,32.0,Construction,Charlotte,Thomas,24/02/1967,FI,Female,Junior,46804.0,Statistica Proxima,Cloud Computing and Data Security,357.0,5.0,374.0
FT849,PR38,HERRIL86D26GE16,CL46,172.0,12/10/2020,CipherLink Corp.,SRB,Multinational,16650.0,Marketing,Riley,Hernandez,26/04/1986,GE,Female,Intermediate,50166.0,Statistica Proxima,Cloud Computing and Data Security,357.0,5.0,374.0
FT645,PR38,LEWZOE97C30SWE10,CL39,128.0,28/01/2020,CloudElite Innovations,LU,Small,32.0,Construction,Zoe,Lewis,30/03/1997,SWE,Female,Lead/Manager,70761.0,Statistica Proxima,Cloud Computing and Data Security,357.0,5.0,374.0
FT504,PR38,LEWZOE97C30SWE10,CL75,374.0,29/11/2022,InfoForge Solutions,NOR,Small,41.0,Insurance,Zoe,Lewis,30/03/1997,SWE,Female,Lead/Manager,70761.0,Statistica Proxima,Cloud Computing and Data Security,357.0,5.0,374.0
FT735,PR38,SCOEVA65J08SM99,CL39,109.0,18/07/2021,CloudElite Innovations,LU,Small,32.0,Construction,Evans,Scott,08/10/1965,SM,Male,Intermediate,48419.0,Statistica Proxima,Cloud Computing and Data Security,357.0,5.0,374.0
FT876,PR38,HERDAN97B06ITA98,CL12,218.0,24/04/2021,TechLink Dynamics,SVN,Large,4089.0,Renewable Energy,Daniel,Hernandez,06/02/1997,ITA,Male,Senior,55697.0,Statistica Proxima,Cloud Computing and Data Security,357.0,5.0,374.0
FT706,PR38,HERDAN97B06ITA98,CL46,485.0,19/07/2021,CipherLink Corp.,SRB,Multinational,16650.0,Marketing,Daniel,Hernandez,06/02/1997,ITA,Male,Senior,55697.0,Statistica Proxima,Cloud Computing and Data Security,357.0,5.0,374.0
FT545,PR38,JONSTE61F23IS80,CL75,362.0,06/06/2021,InfoForge Solutions,NOR,Small,41.0,Insurance,Stella,Jones,23/06/1961,IS,Female,Lead/Manager,63958.0,Statistica Proxima,Cloud Computing and Data Security,357.0,5.0,374.0
FT889,PR38,HALSEB73B20FR62,CL72,258.0,07/01/2023,InnoTech Enterprises,ROU,Large,1604.0,Hardware,Sebastian,Hall,20/02/1973,FR,Male,Intermediate,48273.0,Statistica Proxima,Cloud Computing and Data Security,357.0,5.0,374.0
FT634,PR38,HALJAC80D16NL12,CL75,10.0,22/04/2022,InfoForge Solutions,NOR,Small,41.0,Insurance,Jackson,Hall,16/04/1980,NL,Male,Intermediate,46719.0,Statistica Proxima,Cloud Computing and Data Security,357.0,5.0,374.0
FT413,PR38,HERDAN64C21CZE74,CL75,319.0,15/06/2021,InfoForge Solutions,NOR,Small,41.0,Insurance,Daniel,Hernandez,21/03/1964,CZE,Male,Senior,57773.0,Statistica Proxima,Cloud Computing and Data Security,357.0,5.0,374.0
FT508,PR38,WHILYL63I02MK80,CL12,20.0,28/04/2023,TechLink Dynamics,SVN,Large,4089.0,Renewable Energy,Lyla,White,02/09/1963,MK,Female,Junior,44942.0,Statistica Proxima,Cloud Computing and Data Security,357.0,5.0,374.0
FT408,PR56,HILMOO54I14GB94,CL39,111.0,15/06/2022,CloudElite Innovations,LU,Small,32.0,Construction,Moore,Hill,14/09/1954,GB,Male,Lead/Manager,74475.0,InfoShield Horizon,Communication Protection,200.0,15.0,230.0
FT564,PR56,THOCHA67B24FI71,CL39,71.0,03/07/2022,CloudElite Innovations,LU,Small,32.0,Construction,Charlotte,Thomas,24/02/1967,FI,Female,Junior,46804.0,InfoShield Horizon,Communication Protection,200.0,15.0,230.0
FT557,PR56,THOCHA67B24FI71,CL72,195.0,15/07/2022,InnoTech Enterprises,ROU,Large,1604.0,Hardware,Charlotte,Thomas,24/02/1967,FI,Female,Junior,46804.0,InfoShield Horizon,Communication Protection,200.0,15.0,230.0
FT881,PR56,LEEELL86I24LT27,CL72,264.0,20/12/2023,InnoTech Enterprises,ROU,Large,1604.0,Hardware,Ella,Lee,24/09/1986,LT,Female,Intermediate,48858.0,InfoShield Horizon,Communication Protection,200.0,15.0,230.0
FT817,PR56,LEWZOE97C30SWE10,CL46,226.0,25/04/2020,CipherLink Corp.,SRB,Multinational,16650.0,Marketing,Zoe,Lewis,30/03/1997,SWE,Female,Lead/Manager,70761.0,InfoShield Horizon,Communication Protection,200.0,15.0,230.0
FT572,PR56,MITWIL57H21HUN16,CL46,257.0,26/06/2023,CipherLink Corp.,SRB,Multinational,16650.0,Marketing,Williams,Mitchell,21/08/1957,HUN,Male,Lead/Manager,66036.0,InfoShield Horizon,Communication Protection,200.0,15.0,230.0
FT456,PR56,MILEVA88J22PRT73,CL63,163.0,15/07/2023,DataLink Tech,ISL,Small,21.0,Design,Evans,Miller,22/10/1988,PRT,Male,Intermediate,55665.0,InfoShield Horizon,Communication Protection,200.0,15.0,230.0
FT696,PR56,WALCHL91D10POL91,CL72,259.0,15/06/2023,InnoTech Enterprises,ROU,Large,1604.0,Hardware,Chloe,Walker,10/04/1991,POL,Female,Lead/Manager,65161.0,InfoShield Horizon,Communication Protection,200.0,15.0,230.0
FT589,PR56,ROBCHI57D08NO42,CL75,208.0,27/07/2020,InfoForge Solutions,NOR,Small,41.0,Insurance,Chiara,Roberts,08/04/1957,NO,Female,Intermediate,47903.0,InfoShield Horizon,Communication Protection,200.0,15.0,230.0
FT863,PR56,HALSEB73B20FR62,CL39,31.0,04/01/2022,CloudElite Innovations,LU,Small,32.0,Construction,Sebastian,Hall,20/02/1973,FR,Male,Intermediate,48273.0,InfoShield Horizon,Communication Protection,200.0,15.0,230.0
FT643,PR56,NELHIL59I02MT75,CL63,420.0,22/08/2021,DataLink Tech,ISL,Small,21.0,Design,Hill,Nelson,02/09/1959,MT,Male,Senior,56860.0,InfoShield Horizon,Communication Protection,200.0,15.0,230.0
FT534,PR56,BAKGRA63I16EST73,CL10,491.0,28/10/2023,TechGuard Innovations,SE,Small,10.0,Construction,Grace,Baker,16/09/1963,EST,Female,Senior,52331.0,InfoShield Horizon,Communication Protection,200.0,15.0,230.0
FT777,PR56,HALJAC80D16NL12,CL46,362.0,05/06/2023,CipherLink Corp.,SRB,Multinational,16650.0,Marketing,Jackson,Hall,16/04/1980,NL,Male,Intermediate,46719.0,InfoShield Horizon,Communication Protection,200.0,15.0,230.0
FT434,PR56,HERDAN64C21CZE74,CL46,300.0,03/07/2023,CipherLink Corp.,SRB,Multinational,16650.0,Marketing,Daniel,Hernandez,21/03/1964,CZE,Male,Senior,57773.0,InfoShield Horizon,Communication Protection,200.0,15.0,230.0
FT748,PR56,WHILYL63I02MK80,CL63,381.0,10/05/2022,DataLink Tech,ISL,Small,21.0,Design,Lyla,White,02/09/1963,MK,Female,Junior,44942.0,InfoShield Horizon,Communication Protection,200.0,15.0,230.0
FT886,PR56,ROBTAY93A05DEU37,CL63,497.0,10/05/2021,DataLink Tech,ISL,Small,21.0,Design,Taylor,Roberts,05/01/1993,DEU,Male,Lead/Manager,69237.0,InfoShield Horizon,Communication Protection,200.0,15.0,230.0
FT818,PR56,ROBTAY93A05DEU37,CL12,144.0,20/03/2021,TechLink Dynamics,SVN,Large,4089.0,Renewable Energy,Taylor,Roberts,05/01/1993,DEU,Male,Lead/Manager,69237.0,InfoShield Horizon,Communication Protection,200.0,15.0,230.0
FT662,PR56,ROBTAY93A05DEU37,CL72,129.0,07/02/2020,InnoTech Enterprises,ROU,Large,1604.0,Hardware,Taylor,Roberts,05/01/1993,DEU,Male,Lead/Manager,69237.0,InfoShield Horizon,Communication Protection,200.0,15.0,230.0
FT526,PR69,HILMOO54I14GB94,CL10,278.0,04/09/2023,TechGuard Innovations,SE,Small,10.0,Construction,Moore,Hill,14/09/1954,GB,Male,Lead/Manager,74475.0,DataLink Precision,Information Sync and Management,204.0,30.0,265.0
FT832,PR69,LEESTE80F21NLD96,CL63,171.0,29/10/2021,DataLink Tech,ISL,Small,21.0,Design,Stella,Lee,21/06/1980,NLD,Female,Lead/Manager,62560.0,DataLink Precision,Information Sync and Management,204.0,30.0,265.0
FT591,PR69,MITLYL84H21DE10,CL63,252.0,31/12/2022,DataLink Tech,ISL,Small,21.0,Design,Lyla,Mitchell,21/08/1984,DE,Female,Intermediate,50050.0,DataLink Precision,Information Sync and Management,204.0,30.0,265.0
FT437,PR69,WILROB81I05AL81,CL39,356.0,22/04/2022,CloudElite Innovations,LU,Small,32.0,Construction,Roberts,Williams,05/09/1981,AL,Male,Lead/Manager,64393.0,DataLink Precision,Information Sync and Management,204.0,30.0,265.0
FT683,PR69,WILROB81I05AL81,CL12,226.0,26/05/2021,TechLink Dynamics,SVN,Large,4089.0,Renewable Energy,Roberts,Williams,05/09/1981,AL,Male,Lead/Manager,64393.0,DataLink Precision,Information Sync and Management,204.0,30.0,265.0
FT463,PR69,WILROB81I05AL81,CL72,320.0,01/01/2020,InnoTech Enterprises,ROU,Large,1604.0,Hardware,Roberts,Williams,05/09/1981,AL,Male,Lead/Manager,64393.0,DataLink Precision,Information Sync and Management,204.0,30.0,265.0
FT804,PR69,CLAWIL82B03SVK15,CL63,271.0,23/01/2022,DataLink Tech,ISL,Small,21.0,Design,William,Clark,03/02/1982,SVK,Male,Intermediate,51433.0,DataLink Precision,Information Sync and Management,204.0,30.0,265.0
FT736,PR69,CLAWIL82B03SVK15,CL72,300.0,05/04/2020,InnoTech Enterprises,ROU,Large,1604.0,Hardware,William,Clark,03/02/1982,SVK,Male,Intermediate,51433.0,DataLink Precision,Information Sync and Management,204.0,30.0,265.0
FT848,PR69,THOCHA67B24FI71,CL10,299.0,20/09/2023,TechGuard Innovations,SE,Small,10.0,Construction,Charlotte,Thomas,24/02/1967,FI,Female,Junior,46804.0,DataLink Precision,Information Sync and Management,204.0,30.0,265.0
FT887,PR69,HERRIL86D26GE16,CL39,161.0,09/11/2020,CloudElite Innovations,LU,Small,32.0,Construction,Riley,Hernandez,26/04/1986,GE,Female,Intermediate,50166.0,DataLink Precision,Information Sync and Management,204.0,30.0,265.0
FT801,PR69,HERVIO77I26HU31,CL75,197.0,07/06/2023,InfoForge Solutions,NOR,Small,41.0,Insurance,Violet,Hernandez,26/09/1977,HU,Female,Intermediate,51852.0,DataLink Precision,Information Sync and Management,204.0,30.0,265.0
FT688,PR69,HARVIC51D02CZE31,CL39,409.0,21/10/2022,CloudElite Innovations,LU,Small,32.0,Construction,Victoria,Harris,02/04/1951,CZE,Female,Intermediate,56907.0,DataLink Precision,Information Sync and Management,204.0,30.0,265.0
FT700,PR69,WHILYL94F06FIN25,CL39,56.0,16/03/2020,CloudElite Innovations,LU,Small,32.0,Construction,Lyla,White,06/06/1994,FIN,Female,Junior,49428.0,DataLink Precision,Information Sync and Management,204.0,30.0,265.0
FT454,PR69,HERDAN97B06ITA98,CL75,169.0,19/05/2021,InfoForge Solutions,NOR,Small,41.0,Insurance,Daniel,Hernandez,06/02/1997,ITA,Male,Senior,55697.0,DataLink Precision,Information Sync and Management,204.0,30.0,265.0
FT826,PR69,HERDAN97B06ITA98,CL75,223.0,17/12/2021,InfoForge Solutions,NOR,Small,41.0,Insurance,Daniel,Hernandez,06/02/1997,ITA,Male,Senior,55697.0,DataLink Precision,Information Sync and Management,204.0,30.0,265.0
FT680,PR69,HERDAN97B06ITA98,CL72,479.0,21/03/2023,InnoTech Enterprises,ROU,Large,1604.0,Hardware,Daniel,Hernandez,06/02/1997,ITA,Male,Senior,55697.0,DataLink Precision,Information Sync and Management,204.0,30.0,265.0
FT523,PR69,NELHIL59I02MT75,CL72,180.0,26/12/2020,InnoTech Enterprises,ROU,Large,1604.0,Hardware,Hill,Nelson,02/09/1959,MT,Male,Senior,56860.0,DataLink Precision,Information Sync and Management,204.0,30.0,265.0
FT790,PR69,WALROB66I11LIE39,CL46,438.0,28/09/2022,CipherLink Corp.,SRB,Multinational,16650.0,Marketing,Roberts,Walker,11/09/1966,LIE,Male,Senior,59293.0,DataLink Precision,Information Sync and Management,204.0,30.0,265.0
FT716,PR69,CLALOG86C24BEL97,CL12,302.0,19/10/2021,TechLink Dynamics,SVN,Large,4089.0,Renewable Energy,Logan,Clark,24/03/1986,BEL,Male,Senior,63828.0,DataLink Precision,Information Sync and Management,204.0,30.0,265.0
FT476,PR21,HILMOO54I14GB94,CL46,69.0,12/12/2022,CipherLink Corp.,SRB,Multinational,16650.0,Marketing,Moore,Hill,14/09/1954,GB,Male,Lead/Manager,74475.0,Analytix Pro Plus,Analytics and Statistics,204.0,10.0,224.0
FT629,PR21,HILELE90J24FIN75,CL39,426.0,19/02/2020,CloudElite Innovations,LU,Small,32.0,Construction,Elena,Hill,24/10/1990,FIN,Female,Senior,60564.0,Analytix Pro Plus,Analytics and Statistics,204.0,10.0,224.0
FT582,PR21,LEESTE80F21NLD96,CL12,123.0,04/11/2023,TechLink Dynamics,SVN,Large,4089.0,Renewable Energy,Stella,Lee,21/06/1980,NLD,Female,Lead/Manager,62560.0,Analytix Pro Plus,Analytics and Statistics,204.0,10.0,224.0
FT587,PR21,MITLYL84H21DE10,CL39,282.0,12/08/2021,CloudElite Innovations,LU,Small,32.0,Construction,Lyla,Mitchell,21/08/1984,DE,Female,Intermediate,50050.0,Analytix Pro Plus,Analytics and Statistics,204.0,10.0,224.0
FT443,PR21,WILROB81I05AL81,CL75,340.0,22/03/2020,InfoForge Solutions,NOR,Small,41.0,Insurance,Roberts,Williams,05/09/1981,AL,Male,Lead/Manager,64393.0,Analytix Pro Plus,Analytics and Statistics,204.0,10.0,224.0
FT705,PR21,CLAWIL82B03SVK15,CL12,378.0,09/12/2022,TechLink Dynamics,SVN,Large,4089.0,Renewable Energy,William,Clark,03/02/1982,SVK,Male,Intermediate,51433.0,Analytix Pro Plus,Analytics and Statistics,204.0,10.0,224.0
FT814,PR21,LEEMAD64G19PL97,CL63,28.0,17/02/2021,DataLink Tech,ISL,Small,21.0,Design,Madison,Lee,19/07/1964,PL,Female,Junior,46360.0,Analytix Pro Plus,Analytics and Statistics,204.0,10.0,224.0
FT682,PR21,STEMIA50I16SMR57,CL63,302.0,12/07/2021,DataLink Tech,ISL,Small,21.0,Design,Mia,Stewart,16/09/1950,SMR,Female,Junior,40218.0,Analytix Pro Plus,Analytics and Statistics,204.0,10.0,224.0
FT493,PR21,MITWIL57H21HUN16,CL75,205.0,29/06/2023,InfoForge Solutions,NOR,Small,41.0,Insurance,Williams,Mitchell,21/08/1957,HUN,Male,Lead/Manager,66036.0,Analytix Pro Plus,Analytics and Statistics,204.0,10.0,224.0
FT882,PR21,THOISA63D12MC27,CL39,183.0,25/11/2022,CloudElite Innovations,LU,Small,32.0,Construction,Isabella,Thompson,12/04/1963,MC,Female,Junior,48330.0,Analytix Pro Plus,Analytics and Statistics,204.0,10.0,224.0
FT559,PR21,THOISA63D12MC27,CL12,411.0,12/03/2020,TechLink Dynamics,SVN,Large,4089.0,Renewable Energy,Isabella,Thompson,12/04/1963,MC,Female,Junior,48330.0,Analytix Pro Plus,Analytics and Statistics,204.0,10.0,224.0
FT661,PR21,THOISA63D12MC27,CL75,339.0,05/07/2023,InfoForge Solutions,NOR,Small,41.0,Insurance,Isabella,Thompson,12/04/1963,MC,Female,Junior,48330.0,Analytix Pro Plus,Analytics and Statistics,204.0,10.0,224.0
FT808,PR21,HALJAC80D16NL12,CL12,476.0,07/05/2021,TechLink Dynamics,SVN,Large,4089.0,Renewable Energy,Jackson,Hall,16/04/1980,NL,Male,Intermediate,46719.0,Analytix Pro Plus,Analytics and Statistics,204.0,10.0,224.0
FT866,PR21,WHILYL63I02MK80,CL72,94.0,22/02/2020,InnoTech Enterprises,ROU,Large,1604.0,Hardware,Lyla,White,02/09/1963,MK,Female,Junior,44942.0,Analytix Pro Plus,Analytics and Statistics,204.0,10.0,224.0
FT663,PR21,ROBTAY93A05DEU37,CL75,288.0,19/12/2021,InfoForge Solutions,NOR,Small,41.0,Insurance,Taylor,Roberts,05/01/1993,DEU,Male,Lead/Manager,69237.0,Analytix Pro Plus,Analytics and Statistics,204.0,10.0,224.0
FT812,PR66,THOSCA79J29LV17,CL10,316.0,10/11/2023,TechGuard Innovations,SE,Small,10.0,Construction,Scarlett,Thomas,29/10/1979,LV,Female,Intermediate,54763.0,StatMatrix Fusion,Information Sync and Management,291.0,5.0,305.0
FT426,PR66,HILELE90J24FIN75,CL39,189.0,23/02/2023,CloudElite Innovations,LU,Small,32.0,Construction,Elena,Hill,24/10/1990,FIN,Female,Senior,60564.0,StatMatrix Fusion,Information Sync and Management,291.0,5.0,305.0
FT575,PR66,LEESTE80F21NLD96,CL12,179.0,28/11/2023,TechLink Dynamics,SVN,Large,4089.0,Renewable Energy,Stella,Lee,21/06/1980,NLD,Female,Lead/Manager,62560.0,StatMatrix Fusion,Information Sync and Management,291.0,5.0,305.0
FT584,PR66,LEESTE80F21NLD96,CL72,391.0,03/07/2020,InnoTech Enterprises,ROU,Large,1604.0,Hardware,Stella,Lee,21/06/1980,NLD,Female,Lead/Manager,62560.0,StatMatrix Fusion,Information Sync and Management,291.0,5.0,305.0
FT433,PR66,MITLYL84H21DE10,CL39,254.0,09/10/2022,CloudElite Innovations,LU,Small,32.0,Construction,Lyla,Mitchell,21/08/1984,DE,Female,Intermediate,50050.0,StatMatrix Fusion,Information Sync and Management,291.0,5.0,305.0
FT853,PR66,WILROB81I05AL81,CL72,155.0,27/09/2022,InnoTech Enterprises,ROU,Large,1604.0,Hardware,Roberts,Williams,05/09/1981,AL,Male,Lead/Manager,64393.0,StatMatrix Fusion,Information Sync and Management,291.0,5.0,305.0
FT435,PR66,TAYETH69D27NO15,CL12,404.0,16/10/2021,TechLink Dynamics,SVN,Large,4089.0,Renewable Energy,Ethan,Taylor,27/04/1969,NO,Male,Intermediate,47404.0,StatMatrix Fusion,Information Sync and Management,291.0,5.0,305.0
FT568,PR66,LOPMOO81L31ES74,CL10,189.0,11/03/2021,TechGuard Innovations,SE,Small,10.0,Construction,Moore,Lopez,31/12/1981,ES,Male,Lead/Manager,72018.0,StatMatrix Fusion,Information Sync and Management,291.0,5.0,305.0
FT740,PR66,LOPMOO81L31ES74,CL12,242.0,15/04/2022,TechLink Dynamics,SVN,Large,4089.0,Renewable Energy,Moore,Lopez,31/12/1981,ES,Male,Lead/Manager,72018.0,StatMatrix Fusion,Information Sync and Management,291.0,5.0,305.0
FT542,PR66,WHIJOH51G04RU21,CL39,121.0,01/12/2023,CloudElite Innovations,LU,Small,32.0,Construction,Johnson,White,04/07/1951,RU,Male,Junior,46514.0,StatMatrix Fusion,Information Sync and Management,291.0,5.0,305.0
FT496,PR66,WHIJOH51G04RU21,CL72,331.0,05/11/2022,InnoTech Enterprises,ROU,Large,1604.0,Hardware,Johnson,White,04/07/1951,RU,Male,Junior,46514.0,StatMatrix Fusion,Information Sync and Management,291.0,5.0,305.0
FT633,PR66,HERRIL86D26GE16,CL39,105.0,27/02/2020,CloudElite Innovations,LU,Small,32.0,Construction,Riley,Hernandez,26/04/1986,GE,Female,Intermediate,50166.0,StatMatrix Fusion,Information Sync and Management,291.0,5.0,305.0
FT724,PR66,HERRIL86D26GE16,CL10,316.0,04/12/2021,TechGuard Innovations,SE,Small,10.0,Construction,Riley,Hernandez,26/04/1986,GE,Female,Intermediate,50166.0,StatMatrix Fusion,Information Sync and Management,291.0,5.0,305.0
FT778,PR66,LEEELL86I24LT27,CL39,226.0,03/12/2021,CloudElite Innovations,LU,Small,32.0,Construction,Ella,Lee,24/09/1986,LT,Female,Intermediate,48858.0,StatMatrix Fusion,Information Sync and Management,291.0,5.0,305.0
FT825,PR66,HERVIO77I26HU31,CL72,95.0,28/04/2022,InnoTech Enterprises,ROU,Large,1604.0,Hardware,Violet,Hernandez,26/09/1977,HU,Female,Intermediate,51852.0,StatMatrix Fusion,Information Sync and Management,291.0,5.0,305.0
FT723,PR66,MILEVA88J22PRT73,CL39,91.0,11/12/2020,CloudElite Innovations,LU,Small,32.0,Construction,Evans,Miller,22/10/1988,PRT,Male,Intermediate,55665.0,StatMatrix Fusion,Information Sync and Management,291.0,5.0,305.0
FT498,PR66,SCOEVA65J08SM99,CL12,155.0,21/10/2021,TechLink Dynamics,SVN,Large,4089.0,Renewable Energy,Evans,Scott,08/10/1965,SM,Male,Intermediate,48419.0,StatMatrix Fusion,Information Sync and Management,291.0,5.0,305.0
FT664,PR66,HERDAN97B06ITA98,CL46,465.0,10/12/2022,CipherLink Corp.,SRB,Multinational,16650.0,Marketing,Daniel,Hernandez,06/02/1997,ITA,Male,Senior,55697.0,StatMatrix Fusion,Information Sync and Management,291.0,5.0,305.0
FT464,PR66,HALSEB73B20FR62,CL10,221.0,17/06/2021,TechGuard Innovations,SE,Small,10.0,Construction,Sebastian,Hall,20/02/1973,FR,Male,Intermediate,48273.0,StatMatrix Fusion,Information Sync and Management,291.0,5.0,305.0
FT821,PR66,THOISA63D12MC27,CL63,192.0,10/06/2023,DataLink Tech,ISL,Small,21.0,Design,Isabella,Thompson,12/04/1963,MC,Female,Junior,48330.0,StatMatrix Fusion,Information Sync and Management,291.0,5.0,305.0
FT888,PR66,BAKGRA63I16EST73,CL75,393.0,12/12/2020,InfoForge Solutions,NOR,Small,41.0,Insurance,Grace,Baker,16/09/1963,EST,Female,Senior,52331.0,StatMatrix Fusion,Information Sync and Management,291.0,5.0,305.0
FT646,PR66,HALJAC80D16NL12,CL10,374.0,10/02/2020,TechGuard Innovations,SE,Small,10.0,Construction,Jackson,Hall,16/04/1980,NL,Male,Intermediate,46719.0,StatMatrix Fusion,Information Sync and Management,291.0,5.0,305.0
FT711,PR66,WALROB66I11LIE39,CL75,348.0,13/11/2021,InfoForge Solutions,NOR,Small,41.0,Insurance,Roberts,Walker,11/09/1966,LIE,Male,Senior,59293.0,StatMatrix Fusion,Information Sync and Management,291.0,5.0,305.0
FT486,PR66,HALHAN93F14MLT30,CL12,207.0,12/03/2022,TechLink Dynamics,SVN,Large,4089.0,Renewable Energy,Hannah,Hall,14/06/1993,MLT,Female,Intermediate,50274.0,StatMatrix Fusion,Information Sync and Management,291.0,5.0,305.0
FT722,PR66,CLALOG86C24BEL97,CL63,268.0,08/08/2020,DataLink Tech,ISL,Small,21.0,Design,Logan,Clark,24/03/1986,BEL,Male,Senior,63828.0,StatMatrix Fusion,Information Sync and Management,291.0,5.0,305.0
FT470,PR39,THOSCA79J29LV17,CL75,97.0,30/05/2022,InfoForge Solutions,NOR,Small,41.0,Insurance,Scarlett,Thomas,29/10/1979,LV,Female,Intermediate,54763.0,DataForge Nexus,Data Security,236.0,30.0,306.0
FT872,PR39,SMIELL95K17MT92,CL12,252.0,31/08/2021,TechLink Dynamics,SVN,Large,4089.0,Renewable Energy,Ella,Smith,17/11/1995,MT,Female,Intermediate,47139.0,DataForge Nexus,Data Security,236.0,30.0,306.0
FT537,PR39,LEESTE80F21NLD96,CL12,14.0,05/11/2022,TechLink Dynamics,SVN,Large,4089.0,Renewable Energy,Stella,Lee,21/06/1980,NLD,Female,Lead/Manager,62560.0,DataForge Nexus,Data Security,236.0,30.0,306.0
FT610,PR39,LEESTE80F21NLD96,CL75,457.0,07/09/2023,InfoForge Solutions,NOR,Small,41.0,Insurance,Stella,Lee,21/06/1980,NLD,Female,Lead/Manager,62560.0,DataForge Nexus,Data Security,236.0,30.0,306.0
FT679,PR39,MITLYL84H21DE10,CL12,459.0,10/07/2021,TechLink Dynamics,SVN,Large,4089.0,Renewable Energy,Lyla,Mitchell,21/08/1984,DE,Female,Intermediate,50050.0,DataForge Nexus,Data Security,236.0,30.0,306.0
FT681,PR39,LOPMOO81L31ES74,CL63,197.0,21/12/2020,DataLink Tech,ISL,Small,21.0,Design,Moore,Lopez,31/12/1981,ES,Male,Lead/Manager,72018.0,DataForge Nexus,Data Security,236.0,30.0,306.0
FT538,PR39,LEEMAD64G19PL97,CL39,233.0,18/08/2023,CloudElite Innovations,LU,Small,32.0,Construction,Madison,Lee,19/07/1964,PL,Female,Junior,46360.0,DataForge Nexus,Data Security,236.0,30.0,306.0
FT769,PR39,THOCHA67B24FI71,CL10,465.0,18/04/2022,TechGuard Innovations,SE,Small,10.0,Construction,Charlotte,Thomas,24/02/1967,FI,Female,Junior,46804.0,DataForge Nexus,Data Security,236.0,30.0,306.0
FT606,PR39,THOCHA67B24FI71,CL72,432.0,29/09/2022,InnoTech Enterprises,ROU,Large,1604.0,Hardware,Charlotte,Thomas,24/02/1967,FI,Female,Junior,46804.0,DataForge Nexus,Data Security,236.0,30.0,306.0
FT785,PR39,LEEELL86I24LT27,CL46,477.0,29/01/2023,CipherLink Corp.,SRB,Multinational,16650.0,Marketing,Ella,Lee,24/09/1986,LT,Female,Intermediate,48858.0,DataForge Nexus,Data Security,236.0,30.0,306.0
FT819,PR39,HERVIO77I26HU31,CL39,425.0,06/08/2023,CloudElite Innovations,LU,Small,32.0,Construction,Violet,Hernandez,26/09/1977,HU,Female,Intermediate,51852.0,DataForge Nexus,Data Security,236.0,30.0,306.0
FT485,PR39,LEWZOE97C30SWE10,CL12,295.0,31/12/2022,TechLink Dynamics,SVN,Large,4089.0,Renewable Energy,Zoe,Lewis,30/03/1997,SWE,Female,Lead/Manager,70761.0,DataForge Nexus,Data Security,236.0,30.0,306.0
FT410,PR39,THOSCA57G23CZE71,CL12,210.0,05/03/2023,TechLink Dynamics,SVN,Large,4089.0,Renewable Energy,Scarlett,Thompson,23/07/1957,CZE,Female,Junior,49133.0,DataForge Nexus,Data Security,236.0,30.0,306.0
FT692,PR39,HARVIC51D02CZE31,CL10,269.0,19/02/2023,TechGuard Innovations,SE,Small,10.0,Construction,Victoria,Harris,02/04/1951,CZE,Female,Intermediate,56907.0,DataForge Nexus,Data Security,236.0,30.0,306.0
FT583,PR39,MITWIL57H21HUN16,CL72,163.0,07/03/2023,InnoTech Enterprises,ROU,Large,1604.0,Hardware,Williams,Mitchell,21/08/1957,HUN,Male,Lead/Manager,66036.0,DataForge Nexus,Data Security,236.0,30.0,306.0
FT841,PR39,MITWIL57H21HUN16,CL72,174.0,29/06/2023,InnoTech Enterprises,ROU,Large,1604.0,Hardware,Williams,Mitchell,21/08/1957,HUN,Male,Lead/Manager,66036.0,DataForge Nexus,Data Security,236.0,30.0,306.0
FT468,PR39,WHILYL94F06FIN25,CL63,107.0,04/06/2023,DataLink Tech,ISL,Small,21.0,Design,Lyla,White,06/06/1994,FIN,Female,Junior,49428.0,DataForge Nexus,Data Security,236.0,30.0,306.0
FT852,PR39,MILEVA88J22PRT73,CL39,93.0,30/04/2023,CloudElite Innovations,LU,Small,32.0,Construction,Evans,Miller,22/10/1988,PRT,Male,Intermediate,55665.0,DataForge Nexus,Data Security,236.0,30.0,306.0
FT864,PR39,WALCHL91D10POL91,CL39,60.0,07/06/2021,CloudElite Innovations,LU,Small,32.0,Construction,Chloe,Walker,10/04/1991,POL,Female,Lead/Manager,65161.0,DataForge Nexus,Data Security,236.0,30.0,306.0
FT567,PR39,WALCHL91D10POL91,CL12,157.0,22/05/2022,TechLink Dynamics,SVN,Large,4089.0,Renewable Energy,Chloe,Walker,10/04/1991,POL,Female,Lead/Manager,65161.0,DataForge Nexus,Data Security,236.0,30.0,306.0
FT839,PR39,MARISA89B25LV59,CL39,425.0,17/08/2023,CloudElite Innovations,LU,Small,32.0,Construction,Isabella,Martinez,25/02/1989,LV,Female,Intermediate,50434.0,DataForge Nexus,Data Security,236.0,30.0,306.0
FT757,PR39,MARISA89B25LV59,CL63,254.0,22/12/2021,DataLink Tech,ISL,Small,21.0,Design,Isabella,Martinez,25/02/1989,LV,Female,Intermediate,50434.0,DataForge Nexus,Data Security,236.0,30.0,306.0
FT831,PR39,HALSEB73B20FR62,CL12,351.0,06/07/2023,TechLink Dynamics,SVN,Large,4089.0,Renewable Energy,Sebastian,Hall,20/02/1973,FR,Male,Intermediate,48273.0,DataForge Nexus,Data Security,236.0,30.0,306.0
FT851,PR39,NELHIL59I02MT75,CL46,182.0,28/06/2021,CipherLink Corp.,SRB,Multinational,16650.0,Marketing,Hill,Nelson,02/09/1959,MT,Male,Senior,56860.0,DataForge Nexus,Data Security,236.0,30.0,306.0
FT799,PR39,HERDAN64C21CZE74,CL72,452.0,24/11/2022,InnoTech Enterprises,ROU,Large,1604.0,Hardware,Daniel,Hernandez,21/03/1964,CZE,Male,Senior,57773.0,DataForge Nexus,Data Security,236.0,30.0,306.0
FT704,PR39,WALAVA67D28MLT49,CL75,175.0,29/06/2021,InfoForge Solutions,NOR,Small,41.0,Insurance,Ava,Walker,28/04/1967,MLT,Female,Lead/Manager,71149.0,DataForge Nexus,Data Security,236.0,30.0,306.0
FT461,PR39,HALHAN93F14MLT30,CL75,418.0,14/10/2020,InfoForge Solutions,NOR,Small,41.0,Insurance,Hannah,Hall,14/06/1993,MLT,Female,Intermediate,50274.0,DataForge Nexus,Data Security,236.0,30.0,306.0
FT614,PR84,HILELE90J24FIN75,CL39,43.0,13/06/2022,CloudElite Innovations,LU,Small,32.0,Construction,Elena,Hill,24/10/1990,FIN,Female,Senior,60564.0,QuantumHarbor Guardian,Information Sync and Management,487.0,40.0,681.0
FT442,PR84,HILELE90J24FIN75,CL63,93.0,24/01/2022,DataLink Tech,ISL,Small,21.0,Design,Elena,Hill,24/10/1990,FIN,Female,Senior,60564.0,QuantumHarbor Guardian,Information Sync and Management,487.0,40.0,681.0
FT481,PR84,HILELE90J24FIN75,CL12,272.0,16/11/2020,TechLink Dynamics,SVN,Large,4089.0,Renewable Energy,Elena,Hill,24/10/1990,FIN,Female,Senior,60564.0,QuantumHarbor Guardian,Information Sync and Management,487.0,40.0,681.0
FT773,PR84,SMIELL95K17MT92,CL63,140.0,15/07/2022,DataLink Tech,ISL,Small,21.0,Design,Ella,Smith,17/11/1995,MT,Female,Intermediate,47139.0,QuantumHarbor Guardian,Information Sync and Management,487.0,40.0,681.0
FT531,PR84,MITLYL84H21DE10,CL12,73.0,30/06/2023,TechLink Dynamics,SVN,Large,4089.0,Renewable Energy,Lyla,Mitchell,21/08/1984,DE,Female,Intermediate,50050.0,QuantumHarbor Guardian,Information Sync and Management,487.0,40.0,681.0
FT556,PR84,LEEMAD64G19PL97,CL63,21.0,14/07/2022,DataLink Tech,ISL,Small,21.0,Design,Madison,Lee,19/07/1964,PL,Female,Junior,46360.0,QuantumHarbor Guardian,Information Sync and Management,487.0,40.0,681.0
FT809,PR84,LEWZOE97C30SWE10,CL72,255.0,01/08/2023,InnoTech Enterprises,ROU,Large,1604.0,Hardware,Zoe,Lewis,30/03/1997,SWE,Female,Lead/Manager,70761.0,QuantumHarbor Guardian,Information Sync and Management,487.0,40.0,681.0
FT636,PR84,MITWIL57H21HUN16,CL75,254.0,24/03/2021,InfoForge Solutions,NOR,Small,41.0,Insurance,Williams,Mitchell,21/08/1957,HUN,Male,Lead/Manager,66036.0,QuantumHarbor Guardian,Information Sync and Management,487.0,40.0,681.0
FT753,PR84,MITWIL57H21HUN16,CL75,458.0,22/11/2022,InfoForge Solutions,NOR,Small,41.0,Insurance,Williams,Mitchell,21/08/1957,HUN,Male,Lead/Manager,66036.0,QuantumHarbor Guardian,Information Sync and Management,487.0,40.0,681.0
FT857,PR84,ROBCHI57D08NO42,CL39,31.0,10/09/2020,CloudElite Innovations,LU,Small,32.0,Construction,Chiara,Roberts,08/04/1957,NO,Female,Intermediate,47903.0,QuantumHarbor Guardian,Information Sync and Management,487.0,40.0,681.0
FT652,PR84,HALSEB73B20FR62,CL46,51.0,19/12/2021,CipherLink Corp.,SRB,Multinational,16650.0,Marketing,Sebastian,Hall,20/02/1973,FR,Male,Intermediate,48273.0,QuantumHarbor Guardian,Information Sync and Management,487.0,40.0,681.0
FT536,PR84,THOISA63D12MC27,CL46,215.0,23/12/2023,CipherLink Corp.,SRB,Multinational,16650.0,Marketing,Isabella,Thompson,12/04/1963,MC,Female,Junior,48330.0,QuantumHarbor Guardian,Information Sync and Management,487.0,40.0,681.0
FT518,PR84,NELHIL59I02MT75,CL63,14.0,30/11/2022,DataLink Tech,ISL,Small,21.0,Design,Hill,Nelson,02/09/1959,MT,Male,Senior,56860.0,QuantumHarbor Guardian,Information Sync and Management,487.0,40.0,681.0
FT503,PR84,HALJAC80D16NL12,CL72,412.0,21/02/2020,InnoTech Enterprises,ROU,Large,1604.0,Hardware,Jackson,Hall,16/04/1980,NL,Male,Intermediate,46719.0,QuantumHarbor Guardian,Information Sync and Management,487.0,40.0,681.0
FT513,PR84,WALROB66I11LIE39,CL12,62.0,24/07/2021,TechLink Dynamics,SVN,Large,4089.0,Renewable Energy,Roberts,Walker,11/09/1966,LIE,Male,Senior,59293.0,QuantumHarbor Guardian,Information Sync and Management,487.0,40.0,681.0
FT482,PR84,CLALOG86C24BEL97,CL75,295.0,31/12/2020,InfoForge Solutions,NOR,Small,41.0,Insurance,Logan,Clark,24/03/1986,BEL,Male,Senior,63828.0,QuantumHarbor Guardian,Information Sync and Management,487.0,40.0,681.0
FT397,PR93,HILELE90J24FIN75,CL10,228.0,17/02/2021,TechGuard Innovations,SE,Small,10.0,Construction,Elena,Hill,24/10/1990,FIN,Female,Senior,60564.0,DataPulse Dynamics,Analytics and Statistics,437.0,5.0,458.0
FT409,PR93,LEESTE80F21NLD96,CL10,390.0,03/06/2020,TechGuard Innovations,SE,Small,10.0,Construction,Stella,Lee,21/06/1980,NLD,Female,Lead/Manager,62560.0,DataPulse Dynamics,Analytics and Statistics,437.0,5.0,458.0
FT834,PR93,LEESTE80F21NLD96,CL46,278.0,05/02/2020,CipherLink Corp.,SRB,Multinational,16650.0,Marketing,Stella,Lee,21/06/1980,NLD,Female,Lead/Manager,62560.0,DataPulse Dynamics,Analytics and Statistics,437.0,5.0,458.0
FT660,PR93,GARGIA85B19LI80,CL39,310.0,19/05/2022,CloudElite Innovations,LU,Small,32.0,Construction,Gianna,Garcia,19/02/1985,LI,Female,Senior,52361.0,DataPulse Dynamics,Analytics and Statistics,437.0,5.0,458.0
FT665,PR93,THOZOE75J02SVN29,CL39,354.0,03/12/2023,CloudElite Innovations,LU,Small,32.0,Construction,Zoey,Thompson,02/10/1975,SVN,Female,Intermediate,46193.0,DataPulse Dynamics,Analytics and Statistics,437.0,5.0,458.0
FT657,PR93,WHIJAC58E29AUT24,CL12,348.0,05/11/2022,TechLink Dynamics,SVN,Large,4089.0,Renewable Energy,Jackson,White,29/05/1958,AUT,Male,Intermediate,50161.0,DataPulse Dynamics,Analytics and Statistics,437.0,5.0,458.0
FT725,PR93,LOPMOO81L31ES74,CL63,486.0,29/06/2020,DataLink Tech,ISL,Small,21.0,Design,Moore,Lopez,31/12/1981,ES,Male,Lead/Manager,72018.0,DataPulse Dynamics,Analytics and Statistics,437.0,5.0,458.0
FT656,PR93,THOCHA67B24FI71,CL46,110.0,04/11/2020,CipherLink Corp.,SRB,Multinational,16650.0,Marketing,Charlotte,Thomas,24/02/1967,FI,Female,Junior,46804.0,DataPulse Dynamics,Analytics and Statistics,437.0,5.0,458.0
FT627,PR93,ROBISA93C05NO27,CL39,125.0,18/12/2020,CloudElite Innovations,LU,Small,32.0,Construction,Isabella,Roberts,05/03/1993,NO,Female,Intermediate,55681.0,DataPulse Dynamics,Analytics and Statistics,437.0,5.0,458.0
FT501,PR93,LEWZOE97C30SWE10,CL46,329.0,27/05/2022,CipherLink Corp.,SRB,Multinational,16650.0,Marketing,Zoe,Lewis,30/03/1997,SWE,Female,Lead/Manager,70761.0,DataPulse Dynamics,Analytics and Statistics,437.0,5.0,458.0
FT739,PR93,THOSCA57G23CZE71,CL63,220.0,25/12/2022,DataLink Tech,ISL,Small,21.0,Design,Scarlett,Thompson,23/07/1957,CZE,Female,Junior,49133.0,DataPulse Dynamics,Analytics and Statistics,437.0,5.0,458.0
FT569,PR93,HARVIC51D02CZE31,CL63,139.0,18/12/2020,DataLink Tech,ISL,Small,21.0,Design,Victoria,Harris,02/04/1951,CZE,Female,Intermediate,56907.0,DataPulse Dynamics,Analytics and Statistics,437.0,5.0,458.0
FT444,PR93,HERDAN97B06ITA98,CL10,32.0,22/06/2022,TechGuard Innovations,SE,Small,10.0,Construction,Daniel,Hernandez,06/02/1997,ITA,Male,Senior,55697.0,DataPulse Dynamics,Analytics and Statistics,437.0,5.0,458.0
FT550,PR93,JONSTE61F23IS80,CL12,395.0,28/02/2020,TechLink Dynamics,SVN,Large,4089.0,Renewable Energy,Stella,Jones,23/06/1961,IS,Female,Lead/Manager,63958.0,DataPulse Dynamics,Analytics and Statistics,437.0,5.0,458.0
FT788,PR93,NELHIL59I02MT75,CL12,420.0,25/01/2021,TechLink Dynamics,SVN,Large,4089.0,Renewable Energy,Hill,Nelson,02/09/1959,MT,Male,Senior,56860.0,DataPulse Dynamics,Analytics and Statistics,437.0,5.0,458.0
FT869,PR93,WALAVA67D28MLT49,CL10,485.0,25/10/2020,TechGuard Innovations,SE,Small,10.0,Construction,Ava,Walker,28/04/1967,MLT,Female,Lead/Manager,71149.0,DataPulse Dynamics,Analytics and Statistics,437.0,5.0,458.0
FT399,PR98,HILELE90J24FIN75,CL63,43.0,15/06/2023,DataLink Tech,ISL,Small,21.0,Design,Elena,Hill,24/10/1990,FIN,Female,Senior,60564.0,SyncHarbor Dynamics,Information Sync and Management,44.0,40.0,61.0
FT794,PR98,LEESTE80F21NLD96,CL75,206.0,14/10/2020,InfoForge Solutions,NOR,Small,41.0,Insurance,Stella,Lee,21/06/1980,NLD,Female,Lead/Manager,62560.0,SyncHarbor Dynamics,Information Sync and Management,44.0,40.0,61.0
FT694,PR98,WILROB81I05AL81,CL10,271.0,30/03/2023,TechGuard Innovations,SE,Small,10.0,Construction,Roberts,Williams,05/09/1981,AL,Male,Lead/Manager,64393.0,SyncHarbor Dynamics,Information Sync and Management,44.0,40.0,61.0
FT483,PR98,LOPMOO81L31ES74,CL46,427.0,09/07/2023,CipherLink Corp.,SRB,Multinational,16650.0,Marketing,Moore,Lopez,31/12/1981,ES,Male,Lead/Manager,72018.0,SyncHarbor Dynamics,Information Sync and Management,44.0,40.0,61.0
FT452,PR98,LOPMOO81L31ES74,CL72,207.0,17/03/2020,InnoTech Enterprises,ROU,Large,1604.0,Hardware,Moore,Lopez,31/12/1981,ES,Male,Lead/Manager,72018.0,SyncHarbor Dynamics,Information Sync and Management,44.0,40.0,61.0
FT462,PR98,HARVIC51D02CZE31,CL12,252.0,02/11/2022,TechLink Dynamics,SVN,Large,4089.0,Renewable Energy,Victoria,Harris,02/04/1951,CZE,Female,Intermediate,56907.0,SyncHarbor Dynamics,Information Sync and Management,44.0,40.0,61.0
FT596,PR98,MITWIL57H21HUN16,CL46,324.0,23/11/2022,CipherLink Corp.,SRB,Multinational,16650.0,Marketing,Williams,Mitchell,21/08/1957,HUN,Male,Lead/Manager,66036.0,SyncHarbor Dynamics,Information Sync and Management,44.0,40.0,61.0
FT648,PR98,SCOEVA65J08SM99,CL46,234.0,02/11/2021,CipherLink Corp.,SRB,Multinational,16650.0,Marketing,Evans,Scott,08/10/1965,SM,Male,Intermediate,48419.0,SyncHarbor Dynamics,Information Sync and Management,44.0,40.0,61.0
FT762,PR98,HALSEB73B20FR62,CL12,261.0,19/06/2020,TechLink Dynamics,SVN,Large,4089.0,Renewable Energy,Sebastian,Hall,20/02/1973,FR,Male,Intermediate,48273.0,SyncHarbor Dynamics,Information Sync and Management,44.0,40.0,61.0
FT885,PR98,NELHIL59I02MT75,CL39,433.0,09/11/2022,CloudElite Innovations,LU,Small,32.0,Construction,Hill,Nelson,02/09/1959,MT,Male,Senior,56860.0,SyncHarbor Dynamics,Information Sync and Management,44.0,40.0,61.0
FT479,PR24,HILELE90J24FIN75,CL12,126.0,14/02/2020,TechLink Dynamics,SVN,Large,4089.0,Renewable Energy,Elena,Hill,24/10/1990,FIN,Female,Senior,60564.0,DataHarbor Nexus,Data Security,200.0,40.0,280.0
FT879,PR24,LEESTE80F21NLD96,CL46,231.0,12/12/2022,CipherLink Corp.,SRB,Multinational,16650.0,Marketing,Stella,Lee,21/06/1980,NLD,Female,Lead/Manager,62560.0,DataHarbor Nexus,Data Security,200.0,40.0,280.0
FT638,PR24,LEESTE80F21NLD96,CL72,432.0,22/06/2021,InnoTech Enterprises,ROU,Large,1604.0,Hardware,Stella,Lee,21/06/1980,NLD,Female,Lead/Manager,62560.0,DataHarbor Nexus,Data Security,200.0,40.0,280.0
FT669,PR24,GARGIA85B19LI80,CL12,45.0,09/06/2021,TechLink Dynamics,SVN,Large,4089.0,Renewable Energy,Gianna,Garcia,19/02/1985,LI,Female,Senior,52361.0,DataHarbor Nexus,Data Security,200.0,40.0,280.0
FT494,PR24,THOZOE75J02SVN29,CL39,23.0,28/10/2022,CloudElite Innovations,LU,Small,32.0,Construction,Zoey,Thompson,02/10/1975,SVN,Female,Intermediate,46193.0,DataHarbor Nexus,Data Security,200.0,40.0,280.0
FT771,PR24,LEEMAD64G19PL97,CL46,438.0,28/11/2022,CipherLink Corp.,SRB,Multinational,16650.0,Marketing,Madison,Lee,19/07/1964,PL,Female,Junior,46360.0,DataHarbor Nexus,Data Security,200.0,40.0,280.0
FT827,PR24,WHIJOH51G04RU21,CL72,33.0,20/02/2023,InnoTech Enterprises,ROU,Large,1604.0,Hardware,Johnson,White,04/07/1951,RU,Male,Junior,46514.0,DataHarbor Nexus,Data Security,200.0,40.0,280.0
FT599,PR24,HERRIL86D26GE16,CL39,61.0,01/04/2020,CloudElite Innovations,LU,Small,32.0,Construction,Riley,Hernandez,26/04/1986,GE,Female,Intermediate,50166.0,DataHarbor Nexus,Data Security,200.0,40.0,280.0
FT617,PR24,HERRIL86D26GE16,CL10,89.0,15/04/2021,TechGuard Innovations,SE,Small,10.0,Construction,Riley,Hernandez,26/04/1986,GE,Female,Intermediate,50166.0,DataHarbor Nexus,Data Security,200.0,40.0,280.0
FT622,PR24,LEEELL86I24LT27,CL39,192.0,20/02/2021,CloudElite Innovations,LU,Small,32.0,Construction,Ella,Lee,24/09/1986,LT,Female,Intermediate,48858.0,DataHarbor Nexus,Data Security,200.0,40.0,280.0
FT713,PR24,LEWZOE97C30SWE10,CL39,444.0,26/03/2023,CloudElite Innovations,LU,Small,32.0,Construction,Zoe,Lewis,30/03/1997,SWE,Female,Lead/Manager,70761.0,DataHarbor Nexus,Data Security,200.0,40.0,280.0
FT868,PR24,HARVIC51D02CZE31,CL72,412.0,23/05/2023,InnoTech Enterprises,ROU,Large,1604.0,Hardware,Victoria,Harris,02/04/1951,CZE,Female,Intermediate,56907.0,DataHarbor Nexus,Data Security,200.0,40.0,280.0
FT811,PR24,MITWIL57H21HUN16,CL12,486.0,16/04/2021,TechLink Dynamics,SVN,Large,4089.0,Renewable Energy,Williams,Mitchell,21/08/1957,HUN,Male,Lead/Manager,66036.0,DataHarbor Nexus,Data Security,200.0,40.0,280.0
FT741,PR24,SCOEVA65J08SM99,CL39,362.0,05/05/2023,CloudElite Innovations,LU,Small,32.0,Construction,Evans,Scott,08/10/1965,SM,Male,Intermediate,48419.0,DataHarbor Nexus,Data Security,200.0,40.0,280.0
FT768,PR24,WALCHL91D10POL91,CL39,287.0,24/07/2020,CloudElite Innovations,LU,Small,32.0,Construction,Chloe,Walker,10/04/1991,POL,Female,Lead/Manager,65161.0,DataHarbor Nexus,Data Security,200.0,40.0,280.0
FT506,PR24,THOISA63D12MC27,CL75,419.0,28/08/2021,InfoForge Solutions,NOR,Small,41.0,Insurance,Isabella,Thompson,12/04/1963,MC,Female,Junior,48330.0,DataHarbor Nexus,Data Security,200.0,40.0,280.0
FT431,PR40,SMIELL95K17MT92,CL39,290.0,12/09/2020,CloudElite Innovations,LU,Small,32.0,Construction,Ella,Smith,17/11/1995,MT,Female,Intermediate,47139.0,SyncGuard Proxima,Communication Protection,457.0,5.0,479.0
FT783,PR40,LEESTE80F21NLD96,CL12,246.0,01/11/2022,TechLink Dynamics,SVN,Large,4089.0,Renewable Energy,Stella,Lee,21/06/1980,NLD,Female,Lead/Manager,62560.0,SyncGuard Proxima,Communication Protection,457.0,5.0,479.0
FT403,PR40,THOZOE75J02SVN29,CL12,376.0,31/07/2021,TechLink Dynamics,SVN,Large,4089.0,Renewable Energy,Zoey,Thompson,02/10/1975,SVN,Female,Intermediate,46193.0,SyncGuard Proxima,Communication Protection,457.0,5.0,479.0
FT488,PR40,LOPMOO81L31ES74,CL72,135.0,27/10/2023,InnoTech Enterprises,ROU,Large,1604.0,Hardware,Moore,Lopez,31/12/1981,ES,Male,Lead/Manager,72018.0,SyncGuard Proxima,Communication Protection,457.0,5.0,479.0
FT727,PR40,WHIJOH51G04RU21,CL10,150.0,05/06/2021,TechGuard Innovations,SE,Small,10.0,Construction,Johnson,White,04/07/1951,RU,Male,Junior,46514.0,SyncGuard Proxima,Communication Protection,457.0,5.0,479.0
FT754,PR40,THOCHA67B24FI71,CL39,358.0,09/11/2021,CloudElite Innovations,LU,Small,32.0,Construction,Charlotte,Thomas,24/02/1967,FI,Female,Junior,46804.0,SyncGuard Proxima,Communication Protection,457.0,5.0,479.0
FT566,PR40,STEMIA50I16SMR57,CL39,295.0,13/03/2023,CloudElite Innovations,LU,Small,32.0,Construction,Mia,Stewart,16/09/1950,SMR,Female,Junior,40218.0,SyncGuard Proxima,Communication Protection,457.0,5.0,479.0
FT891,PR40,HERRIL86D26GE16,CL75,206.0,18/03/2021,InfoForge Solutions,NOR,Small,41.0,Insurance,Riley,Hernandez,26/04/1986,GE,Female,Intermediate,50166.0,SyncGuard Proxima,Communication Protection,457.0,5.0,479.0
FT795,PR40,ROBISA93C05NO27,CL12,60.0,26/09/2020,TechLink Dynamics,SVN,Large,4089.0,Renewable Energy,Isabella,Roberts,05/03/1993,NO,Female,Intermediate,55681.0,SyncGuard Proxima,Communication Protection,457.0,5.0,479.0
FT767,PR40,ROBISA93C05NO27,CL46,347.0,13/07/2023,CipherLink Corp.,SRB,Multinational,16650.0,Marketing,Isabella,Roberts,05/03/1993,NO,Female,Intermediate,55681.0,SyncGuard Proxima,Communication Protection,457.0,5.0,479.0
FT512,PR40,HARVIC51D02CZE31,CL12,338.0,01/10/2022,TechLink Dynamics,SVN,Large,4089.0,Renewable Energy,Victoria,Harris,02/04/1951,CZE,Female,Intermediate,56907.0,SyncGuard Proxima,Communication Protection,457.0,5.0,479.0
FT894,PR40,HARVIC51D02CZE31,CL12,362.0,17/12/2021,TechLink Dynamics,SVN,Large,4089.0,Renewable Energy,Victoria,Harris,02/04/1951,CZE,Female,Intermediate,56907.0,SyncGuard Proxima,Communication Protection,457.0,5.0,479.0
FT802,PR40,MITWIL57H21HUN16,CL63,216.0,02/01/2022,DataLink Tech,ISL,Small,21.0,Design,Williams,Mitchell,21/08/1957,HUN,Male,Lead/Manager,66036.0,SyncGuard Proxima,Communication Protection,457.0,5.0,479.0
FT816,PR40,WALCHL91D10POL91,CL75,131.0,02/02/2020,InfoForge Solutions,NOR,Small,41.0,Insurance,Chloe,Walker,10/04/1991,POL,Female,Lead/Manager,65161.0,SyncGuard Proxima,Communication Protection,457.0,5.0,479.0
FT734,PR40,HERDAN97B06ITA98,CL63,225.0,11/05/2022,DataLink Tech,ISL,Small,21.0,Design,Daniel,Hernandez,06/02/1997,ITA,Male,Senior,55697.0,SyncGuard Proxima,Communication Protection,457.0,5.0,479.0
FT449,PR40,WALAVA67D28MLT49,CL75,479.0,30/10/2022,InfoForge Solutions,NOR,Small,41.0,Insurance,Ava,Walker,28/04/1967,MLT,Female,Lead/Manager,71149.0,SyncGuard Proxima,Communication Protection,457.0,5.0,479.0
FT895,PR40,WALROB66I11LIE39,CL46,248.0,18/10/2023,CipherLink Corp.,SRB,Multinational,16650.0,Marketing,Roberts,Walker,11/09/1966,LIE,Male,Senior,59293.0,SyncGuard Proxima,Communication Protection,457.0,5.0,479.0
FT430,PR40,HALHAN93F14MLT30,CL72,266.0,19/09/2022,InnoTech Enterprises,ROU,Large,1604.0,Hardware,Hannah,Hall,14/06/1993,MLT,Female,Intermediate,50274.0,SyncGuard Proxima,Communication Protection,457.0,5.0,479.0
FT577,PR6,SMIELL95K17MT92,CL10,319.0,15/11/2021,TechGuard Innovations,SE,Small,10.0,Construction,Ella,Smith,17/11/1995,MT,Female,Intermediate,47139.0,CipherPulse Proxima,Analytics and Statistics,191.0,10.0,210.0
FT554,PR6,SMIELL95K17MT92,CL12,107.0,23/05/2021,TechLink Dynamics,SVN,Large,4089.0,Renewable Energy,Ella,Smith,17/11/1995,MT,Female,Intermediate,47139.0,CipherPulse Proxima,Analytics and Statistics,191.0,10.0,210.0
FT571,PR6,MITLYL84H21DE10,CL63,139.0,24/09/2022,DataLink Tech,ISL,Small,21.0,Design,Lyla,Mitchell,21/08/1984,DE,Female,Intermediate,50050.0,CipherPulse Proxima,Analytics and Statistics,191.0,10.0,210.0
FT684,PR6,MITLYL84H21DE10,CL12,32.0,01/11/2023,TechLink Dynamics,SVN,Large,4089.0,Renewable Energy,Lyla,Mitchell,21/08/1984,DE,Female,Intermediate,50050.0,CipherPulse Proxima,Analytics and Statistics,191.0,10.0,210.0
FT644,PR6,WILROB81I05AL81,CL72,154.0,29/03/2023,InnoTech Enterprises,ROU,Large,1604.0,Hardware,Roberts,Williams,05/09/1981,AL,Male,Lead/Manager,64393.0,CipherPulse Proxima,Analytics and Statistics,191.0,10.0,210.0
FT448,PR6,GARGIA85B19LI80,CL39,446.0,20/02/2020,CloudElite Innovations,LU,Small,32.0,Construction,Gianna,Garcia,19/02/1985,LI,Female,Senior,52361.0,CipherPulse Proxima,Analytics and Statistics,191.0,10.0,210.0
FT709,PR6,WHIJOH51G04RU21,CL10,406.0,07/10/2023,TechGuard Innovations,SE,Small,10.0,Construction,Johnson,White,04/07/1951,RU,Male,Junior,46514.0,CipherPulse Proxima,Analytics and Statistics,191.0,10.0,210.0
FT678,PR6,THOCHA67B24FI71,CL72,405.0,17/07/2021,InnoTech Enterprises,ROU,Large,1604.0,Hardware,Charlotte,Thomas,24/02/1967,FI,Female,Junior,46804.0,CipherPulse Proxima,Analytics and Statistics,191.0,10.0,210.0
FT836,PR6,GAREVE51C30UKR52,CL72,211.0,31/07/2020,InnoTech Enterprises,ROU,Large,1604.0,Hardware,Evelyn,Garcia,30/03/1951,UKR,Female,Junior,40181.0,CipherPulse Proxima,Analytics and Statistics,191.0,10.0,210.0
FT574,PR6,HERVIO77I26HU31,CL12,456.0,29/01/2020,TechLink Dynamics,SVN,Large,4089.0,Renewable Energy,Violet,Hernandez,26/09/1977,HU,Female,Intermediate,51852.0,CipherPulse Proxima,Analytics and Statistics,191.0,10.0,210.0
FT820,PR6,LEWZOE97C30SWE10,CL39,181.0,15/08/2020,CloudElite Innovations,LU,Small,32.0,Construction,Zoe,Lewis,30/03/1997,SWE,Female,Lead/Manager,70761.0,CipherPulse Proxima,Analytics and Statistics,191.0,10.0,210.0
FT453,PR6,WHILYL94F06FIN25,CL10,260.0,13/02/2021,TechGuard Innovations,SE,Small,10.0,Construction,Lyla,White,06/06/1994,FIN,Female,Junior,49428.0,CipherPulse Proxima,Analytics and Statistics,191.0,10.0,210.0
FT691,PR6,WHILYL94F06FIN25,CL46,426.0,04/11/2021,CipherLink Corp.,SRB,Multinational,16650.0,Marketing,Lyla,White,06/06/1994,FIN,Female,Junior,49428.0,CipherPulse Proxima,Analytics and Statistics,191.0,10.0,210.0
FT621,PR6,WALCHL91D10POL91,CL10,417.0,18/10/2023,TechGuard Innovations,SE,Small,10.0,Construction,Chloe,Walker,10/04/1991,POL,Female,Lead/Manager,65161.0,CipherPulse Proxima,Analytics and Statistics,191.0,10.0,210.0
FT602,PR6,MARISA89B25LV59,CL63,175.0,25/03/2022,DataLink Tech,ISL,Small,21.0,Design,Isabella,Martinez,25/02/1989,LV,Female,Intermediate,50434.0,CipherPulse Proxima,Analytics and Statistics,191.0,10.0,210.0
FT815,PR6,MARISA89B25LV59,CL46,213.0,26/11/2021,CipherLink Corp.,SRB,Multinational,16650.0,Marketing,Isabella,Martinez,25/02/1989,LV,Female,Intermediate,50434.0,CipherPulse Proxima,Analytics and Statistics,191.0,10.0,210.0
FT555,PR6,HALSEB73B20FR62,CL63,274.0,13/09/2021,DataLink Tech,ISL,Small,21.0,Design,Sebastian,Hall,20/02/1973,FR,Male,Intermediate,48273.0,CipherPulse Proxima,Analytics and Statistics,191.0,10.0,210.0
FT428,PR6,WALROB66I11LIE39,CL46,172.0,09/10/2021,CipherLink Corp.,SRB,Multinational,16650.0,Marketing,Roberts,Walker,11/09/1966,LIE,Male,Senior,59293.0,CipherPulse Proxima,Analytics and Statistics,191.0,10.0,210.0
